structure_number,lowest_rating,bridge_condition,adt,adt_imputed,deck_area_sqm,is_nhs,year_built,functional_class,owner_code,facility_carried,features_desc,risk_untreated,risk_treated,risk_reduction,cost_usd
1RI0668,6,F,1050.0,False,435.54,False,1982,19,73,TRAINING STATION R,COASTERS HARBOR,24.09997026952803,8.033323423176011,16.06664684635202,1790857.6402919998
1RI1400,6,F,2000.0,False,3197.6,False,2010,19,73,PERRY ROAD,COASTERS HARBOR,26.330382967446013,8.776794322482004,17.55358864496401,13147923.016479999
000000000000010,5,F,16443.0,False,799.75,False,1918,14,01,US 1 ELMWOOD AV,PAWTUXET RIVER,44.83521459149089,11.208803647872722,33.62641094361817,3288419.8875499996
000000000000020,4,P,34118.0,False,619.97,False,2006,14,01,RI 113 MAIN AV,AMTRAK,60.257798140563835,12.051559628112765,48.20623851245107,2549198.721706
000000000000060,5,F,8000.0,False,151.13,False,1964,14,01,US 1 POST RD SB,HUNT RIVER,41.5080647435096,10.3770161858774,31.131048557632198,621417.8150739999
000000000000070,7,G,19200.0,False,1215.68,False,2004,14,01,US 1 POST RD,AMTRAK,22.77554597869429,11.387772989347145,11.387772989347145,4998644.937664
000000000000110,5,F,13636.0,False,343.04,False,1925,14,01,US 1A BSTN NCK RD,WICKFORD COVE,43.97074907756141,10.992687269390352,32.978061808171056,1410515.233792
000000000000140,5,F,2060.0,False,712.88,False,2003,16,03,MIDDLE BRIDGE RD,PETTAQUAMSCUTT RIVER,35.243627782525756,8.810906945631439,26.43272083689432,2931226.970224
000000000000150,6,F,25883.0,False,184.83,False,1930,14,01,US 1 POST RD NB,HUNT RIVER,35.19785204092295,11.732617346974319,23.465234693948634,759985.805334
000000000000170,4,P,11818.0,False,901.52,False,1981,14,01,US 1A BSTN NCK RD,NARROW RIVER,54.137425179720964,10.827485035944193,43.30994014377677,3706878.7708959994
000000000000180,7,G,10438.0,False,99.16,False,1917,14,01,US 1 TOWER HILL RD,ANNAQUATUCKET RIVER,21.368253662521973,10.684126831260986,10.684126831260986,407727.0597679999
000000000000200,5,F,10107.0,False,269.34,False,1920,16,01,US 1A MAIN ST,SAUGATUCKET RIVER,42.58769142558329,10.646922856395822,31.940768569187465,1107474.851532
000000000000220,4,P,12200.0,False,758.16,False,1932,14,01,US 1 BROAD STREET,PAWCATUCK RIVER,54.321065980882146,10.864213196176427,43.45685278470572,3117409.717968
000000000000230,7,G,26364.0,False,290.36,False,1926,14,01,RI 2 RESERVOIR AV,POCASSET RIVER,23.50775354839823,11.753876774199115,11.753876774199115,1193905.093528
000000000000240,6,F,15040.0,False,192.72,False,1953,14,01,RI 33 PROVIDNCE ST,MESHANTICUT BROOK,33.31749869527943,11.105832898426478,22.211665796852955,792427.9846559999
000000000000250,7,G,11615.0,False,448.44,False,2000,16,01,RI 33 PROVIDNCE ST,WASH SEC BIKE PATH,21.614962321188873,10.807481160594437,10.807481160594437,1843899.9867119999
000000000000260,6,F,10600.0,False,627.48,False,1937,16,01,RI 33 PROVIDNCE ST,PAWTUXET RIVER,32.10572274165206,10.701907580550687,21.40381516110137,2580078.413304
000000000000270,6,F,12827.0,False,574.56,False,1923,16,01,RI 33 PROVIDNCE ST,PAWTUXET RIVER,32.76622305857411,10.922074352858036,21.844148705716076,2362481.4386879997
000000000000280,6,F,10199.0,False,586.25,False,1926,14,01,RI 117 MAIN STREET,PAWTUXET RIVER,31.972153205128436,10.657384401709477,21.314768803418957,2410548.49525
000000000000300,5,F,8000.0,False,421.29,False,1959,14,01,RI 117 CNTRVLLE RD,WASH SEC BIKE PATH,41.5080647435096,10.3770161858774,31.131048557632198,1732264.350642
000000000000320,5,F,9625.0,False,225.09,False,1919,16,03,SOUTH MAIN ST,PAWTUXET RIVER SW BRANCH,42.362033553896936,10.590508388474234,31.7715251654227,925527.267882
000000000000340,5,F,6353.0,False,502.32,False,1918,07,01,RI 3 NSNCK HILL RD,BIG RIVER,40.44358058512814,10.110895146282035,30.332685438846106,2065444.298736
000000000000350,5,F,9628.0,False,121.94,False,1931,02,01,RI 138 USQUEPAUGRD,USQUEPAUG RIVER,42.36347271669292,10.59086817917323,31.77260453751969,501394.0870119999
000000000000360,5,F,4944.0,False,155.52,False,1924,07,01,RI 3 NSNCK HILL RD,NOOSENECK RIVER,39.28568435129794,9.821421087824485,29.464263263473455,639468.660096
000000000000370,5,F,1500.0,False,105.82,False,1993,17,03,GILBERT STUART RD,MATTATUXET RIVER,33.779283134167514,8.444820783541878,25.334462350625635,435111.713036
000000000000380,6,F,1800.0,False,50.37,False,1913,08,01,ARCADIA RD,ROARING BROOK,25.965618601945362,8.655206200648454,17.310412401296908,207111.859626
000000000000410,5,F,573.0,False,106.58,False,1925,08,01,ARCADIA RD,WOOD RIVER,29.33970294653698,7.334925736634245,22.004777209902734,438236.6884839999
000000000000430,7,G,1629.0,False,281.4,False,1932,08,01,BRIDGE ST,WOOD RIVER,17.080036223963173,8.540018111981587,8.540018111981587,1157063.27772
000000000000440,7,G,1629.0,False,225.75,False,1932,08,01,BRIDGE ST,WOOD RIVER,17.080036223963173,8.540018111981587,8.540018111981587,928241.06235
000000000000450,5,F,9567.0,False,241.56,False,1923,02,01,RI 3&138 NSNCKHLRD,WOOD RIVER,42.33412122890068,10.58353030722517,31.75059092167551,993248.775288
000000000000460,5,F,9567.0,False,91.5,False,1922,02,01,RI 3&138 NSNCKHLRD,BRUSHY BROOK,42.33412122890068,10.58353030722517,31.75059092167551,376230.5967
000000000000480,4,P,180.0,False,294.63,False,1934,09,01,NEW LONDON TRNPK,ASHAWAY RIVER,30.01165917890599,6.002331835781197,24.009327343124795,1211462.521374
000000000000490,3,P,653.0,False,231.0,False,1907,09,01,WELLSTOWN RD,ASHAWAY RIVER,44.91347566390345,7.485579277317241,37.427896386586205,949828.0638
000000000000500,3,P,1111.0,False,199.52,False,1900,17,01,LAUREL STREET,ASHAWAY RIVER,48.590792178656734,8.098465363109456,40.49232681554728,820388.291296
000000000000520,6,F,759.0,False,379.48,False,2002,17,01,POTTER HILL RD,PAWCATUCK RIVER,22.977051734080582,7.659017244693526,15.318034489387056,1560349.582904
000000000000545,7,G,3603.0,False,141.12,False,2018,07,01,RI 112 CAROLINA,MILL CANAL,18.912348967213426,9.456174483606713,9.456174483606713,580258.598976
000000000000555,6,F,3603.0,False,264.26,False,2018,07,01,RI 112 CAROLINA,MILL CANAL,28.368523450820142,9.456174483606713,18.91234896721343,1086586.857748
000000000000565,6,F,3603.0,False,258.83,False,2018,07,01,RI 112 CAROLINA,PAWCATUCK RIVER,28.368523450820142,9.456174483606713,18.91234896721343,1064259.7305339999
000000000000570,6,F,4843.0,False,194.56,False,1999,07,01,RI 112 CRLNA BK RD,AMTRAK,29.392782051319514,9.797594017106505,19.59518803421301,799993.714688
000000000000580,4,P,830.0,False,180.88,False,1926,07,01,SHANNOCK RD,PAWCATUCK RIVER,38.81069335535099,7.762138671070197,31.048554684280795,743744.1566239999
000000000000610,5,F,1314.0,False,259.9,False,1974,07,01,SHANNOCK RD,PAWCATUCK RIVER,33.16827744748161,8.292069361870402,24.876208085611204,1068659.36702
000000000000640,5,F,560.0,False,89.18,False,1922,09,01,OLD USQUEPAUGH RD,USQUEPAUGH RIVER,29.233899778588434,7.3084749446471085,21.925424833941324,366691.197964
000000000000650,7,G,3502.0,False,739.32,False,1996,17,03,WHITE ROCK RD,PAWCATUCK RIVER,18.846709281878518,9.423354640939259,9.423354640939259,3039943.221336
000000000000710,6,F,4730.0,False,209.84,False,1954,14,01,RI 117 FLAT RVR RD,FLAT RIVER RESERVOIR,29.31101971813855,9.770339906046182,19.540679812092367,862822.1684319999
000000000000770,6,F,2636.0,False,245.22,False,1928,06,01,RI 14 PLNFLD PK,MOOSUP RIVER,27.286397374297405,9.095465791432469,18.190931582864934,1008297.999156
000000000000780,7,G,14472.0,False,328.64,False,1913,16,01,MANTON AV,WOONASQUATUCKET RIVER,22.122771053374805,11.061385526687403,11.061385526687403,1351305.1726719998
000000000000810,3,P,11.0,False,151.9,False,1897,16,01,RI 14 PLNFLD ST,POCASSET RIVER,17.21486137619482,2.8691435626991364,14.345717813495682,624583.90862
000000000000840,6,F,3605.0,False,581.76,False,1921,06,01,RI 12 TUNK HILL RD,KENT DAM SPILLWAY,28.370445162340474,9.456815054113491,18.913630108226982,2392086.469248
000000000000930,5,F,4718.0,False,185.44,False,1921,07,01,US 6A DNLSON PIKE,MOSWANSICUT RIVER,39.06963006045684,9.76740751511421,29.30222254534263,762494.0093119999
000000000000950,5,F,210.0,False,99.36,False,1924,08,01,OLD DANIELSON PIKE,DOLLY COLE BROOK,24.71762762347938,6.179406905869845,18.538220717609533,408549.421728
000000000001000,6,F,5800.0,False,111.63,False,1920,02,01,US 44 PUTNAM PIKE,CHEPACHET RIVER,30.01728410089398,10.005761366964661,20.01152273392932,459001.327974
000000000001010,4,P,3184.0,False,400.44,False,1950,17,01,RI 216 HIGH ST,ASHAWAY RIVER,46.56735801547048,9.313471603094097,37.25388641237639,1646533.1163119997
000000000001050,5,F,770.0,False,155.55,False,1918,17,01,VICTORY HWY,PASCOAG RIVER,30.70243673816293,7.675609184540733,23.026827553622198,639592.01439
000000000001075,7,G,11741.0,False,158.92,False,2021,16,01,RI 146A GREAT RD,SLATERSVILLE SEC RR,21.639876197043186,10.819938098521593,10.819938098521593,653448.8134159999
000000000001080,3,P,15100.0,False,307.44,False,1919,16,01,RI 146A GREAT RD,BRANCH RIVER,66.66257795855036,11.110429659758395,55.55214829879196,1264134.804912
000000000001110,4,P,5454.0,False,129.2,False,1907,14,01,RI 7 DOUGLAS PIKE,BRANCH RIVER,49.673771924248136,9.934754384849628,39.73901753939851,531245.8261599999
000000000001120,3,P,3300.0,False,271.36,False,1987,17,01,VICTORY HWY,BRANCH RIVER,56.12865786461371,9.35477631076895,46.77388155384476,1115780.707328
000000000001170,6,F,13800.0,False,1310.52,False,1979,14,01,RI 122 MENDON RD,BLACKSTONE RIVER,33.01947035785516,11.006490119285054,22.01298023857011,5388608.979096
000000000001180,5,F,9.0,False,42.57,False,1931,09,01,WHISPER PINE RD,EISENHOWER LAKE,10.63451972764367,2.6586299319109177,7.975889795732753,175039.743186
000000000001210,6,F,32400.0,False,583.62,False,1956,12,31,RI 24 - W APP 250,HUMMOCKS AV,35.97571682847898,11.991905609492996,23.983811218985984,2399734.435476
000000000001230,5,F,14763.0,False,1918.44,False,2009,14,01,RI 114/103 CNTY RD,BARRINGTON RIVER,44.337482574982054,11.084370643745514,33.25311193123654,7888260.392712
000000000001240,6,F,16524.0,False,1192.82,False,1914,14,01,RI 114/103 CNTY RD,WARREN RIVER,33.643431492835994,11.214477164278664,22.42895432855733,4904648.965635999
000000000001260,4,P,1115.0,False,582.75,False,1958,17,01,NANAQUAKET RD,NANAQUAKET RIVER,40.513056250904434,8.102611250180885,32.41044500072355,2396157.16095
000000000001315,7,G,18400.0,False,477.24,False,2018,14,01,US 1 ELMWOOD AV,HAR JUNC BR LINE P&W RR,22.677270136467385,11.338635068233692,11.338635068233692,1962320.1089519998
000000000001340,6,F,14747.0,False,204.96,False,1921,14,01,US1A&RI114PWTCKTAV,TEN MILE RIVER,33.24935602419839,11.083118674732797,22.166237349465597,842756.536608
000000000001350,6,F,13392.0,False,250.8,False,1994,14,01,US1A&RI114PWTCKTAV,P&W RR,32.91552308227853,10.971841027426178,21.943682054852353,1031241.89784
000000000001390,6,F,2085.0,False,185.22,False,1925,06,01,OCEAN AV,TRIMMS POND,26.47448508682528,8.824828362275094,17.649656724550184,761589.4111559999
000000000001400,5,F,1905.0,False,167.61,False,1997,07,01,BEACH AV,HARBOR POND,34.88253164982258,8.720632912455645,26.161898737366936,689180.440578
000000000001440,6,F,6600.0,False,115.26,False,2000,16,01,RI 104 FARNUM PIKE,WOONASQUATUCKET RIVER,30.464786291134878,10.154928763711625,20.309857527423254,473927.197548
000000000001450,3,P,2965.0,False,155.61,False,1949,19,01,GREYSTONE AV,WOONASQUATUCKET RIVER,55.38730883588262,9.23121813931377,46.15609069656885,639838.7229780001
000000000001460,6,F,16893.0,False,269.01,False,1920,14,01,US 44 PUTNAM PIKE,WOONASQUATUCKET RIVER,33.719928424855524,11.23997614161851,22.479952283237015,1106117.9542979999
000000000001480,6,F,303.0,False,79.3,False,1913,08,01,SHERMAN AVE,PAWCATUCK RIVER,19.80312607959947,6.601042026533157,13.202084053066311,326066.51713999995
000000000001490,6,F,1314.0,False,400.0,False,1931,07,01,SHANNOCK RD,AMTRAK,24.876208085611207,8.292069361870402,16.584138723740807,1644723.9199999997
000000000001500,6,F,18888.0,False,936.66,False,1921,14,01,RI 117 WARWICK AV,PAWTUXET RIVER,34.106571461164584,11.368857153721528,22.737714307443056,3851367.7672679997
000000000001510,6,F,17362.0,False,343.07,False,1973,16,01,VETERANS MEM PKWY,WATCHEMOKET COVE,33.81477990286253,11.271593300954178,22.543186601908353,1410638.588086
000000000001535,7,G,19100.0,False,135.3,False,2020,14,01,RI 114 HOPE ST,TIDAL INLET,22.763487799671324,11.381743899835662,11.381743899835662,556327.86594
000000000001550,5,F,15715.0,False,168.72,False,1918,14,01,US 44 PUTNAM PIKE,MILL CANAL,44.626081997116465,11.156520499279116,33.46956149783735,693744.549456
000000000001580,5,F,22100.0,False,194.04,False,1919,14,26,RI 103 PAWTUCKETAV,MOBIL PIPELINE CO ROW,46.20073431689842,11.550183579224605,34.65055073767381,797855.5735920001
000000000001590,6,F,4974.0,False,291.6,False,1939,16,01,RI 104 FARNUM PIKE,WOONASQUATUCKET RIVER,29.485214244238882,9.828404748079627,19.656809496159255,1199003.73768
000000000001630,5,F,4034.0,False,193.05,False,1887,17,01,SCHOOL ST,OLD WORC & BOSTON CANAL,38.34641425090972,9.58660356272743,28.759810688182288,793784.88189
000000000001640,5,F,3811.0,False,624.69,False,1885,17,01,SCHOOL ST,BLACKSTONE RIVER,38.08384107732368,9.52096026933092,28.562880807992762,2568606.4639620003
000000000001740,5,F,4976.0,False,280.5,False,1921,02,01,RI 102 VICTORY HWY,PONAGANSETT RIVER,39.31547530795259,9.828868826988147,29.48660648096444,1153362.6489
000000000001780,6,F,8515.0,False,71.54,False,1885,14,01,RI 108 KNGSTOWN RD,SAUGATUCKET RIVER,31.347126437723666,10.449042145907889,20.898084291815778,294158.873092
000000000001790,5,F,57.0,False,92.72,False,1950,19,11,LOWER RIVER RD,BLACKSTONE CANAL,18.753209785824147,4.688302446456037,14.06490733936811,381247.00465599995
000000000001810,6,F,875.0,False,303.97,False,1980,19,25,RESERVOIR RD,DIAMOND HILL RESERVOIR,23.46908847428772,7.8230294914292395,15.64605898285848,1249866.8249060002
000000000001825,6,F,22300.0,False,1740.0,False,2016,16,01,MASSASOIT AVENUE,BARRINGTON RIVER,34.6817557136009,11.560585237866967,23.121170475733933,7154549.051999999
000000000001855,6,F,21000.0,False,953.55,False,2021,14,01,RI 5 GREENWICH AV,PAWTUXET RIVER,34.473709710761554,11.491236570253854,22.9824731405077,3920816.23479
000000000001880,5,F,58520.0,False,1398.6,False,1924,12,01,RI 146 ED DOWL HWY,CROOKFALL BROOK,50.69807073292569,12.674517683231423,38.02355304969427,5750777.186279999
000000000001900,4,P,2425.0,False,621.92,False,1884,16,01,US 1A BROAD ST,PAWTUXET RIVER,44.9958599395296,8.99917198790592,35.996687951623684,2557216.7508159997
000000000001935,7,G,4260.0,False,111.36,False,2022,06,01,RI 91 WEST BRAD RD,MCGOWAN BROOK,19.29905600608248,9.64952800304124,9.64952800304124,457891.13932799996
000000000001940,5,F,6243.0,False,317.58,False,1930,06,01,RI 91 ALTN BRAD RD,PAWCATUCK RIVER,40.36292502593405,10.090731256483512,30.272193769450535,1305828.556284
000000000001950,5,F,15352.0,False,199.75,False,1885,16,01,RI 123 FRONT ST,MILL POND,44.51815470000675,11.129538675001687,33.388616025005064,821334.0075499999
000000000001970,7,G,29600.0,False,206.64,False,1953,12,01,US 1 TOWER HILL RD,W.C. ONEILL BIKE PATH,23.77509796876143,11.887548984380715,11.887548984380715,849664.3770719998
000000000001980,4,P,5800.0,False,127.92,False,1865,16,01,HIGH ST,PASCOAG RIVER,50.0288068348233,10.005761366964661,40.02304546785864,525982.709616
000000000001990,5,F,8452.0,False,376.3,False,1924,14,01,RI 3 MAIN ST,PAWCATUCK RIVER,41.76187455679267,10.440468639198167,31.321405917594504,1547274.02774
000000000002000,6,F,120000.0,False,11102.74,True,1930,11,01,I-195 EB AND WB,SEEKONK RVR & STS,40.51101873661587,13.503672912205289,27.007345824410578,88197481.917468
000000000002010,5,F,12700.0,False,215.76,False,1925,16,01,PONTIAC AV,POCASSET RIVER,43.642345277026436,10.910586319256609,32.73175895776983,887164.0824479999
000000000002040,5,F,11938.0,False,101.12,False,1926,14,01,RI 114 DMND HLL RD,EAST BRANCH SNEECH BROOK,43.35659611661978,10.839149029154944,32.51744708746483,415786.20697600004
000000000002060,6,F,3102.0,False,210.8,False,1926,07,01,RI 91 ALTN CRLN RD,PAWCATUCK RIVER,27.85006663280734,9.283355544269114,18.566711088538227,866769.50584
000000000002085,8,G,11420.0,False,464.4,False,2022,16,01,RI 114A PLEASNT ST,TEN MILE RIVER,10.787933658934964,10.787933658934964,0.0,1909524.47112
000000000002130,5,F,11806.0,False,71.54,False,1926,07,01,RI 94 FOSTER CTRRD,HEMLOCK BROOK,43.30524851899129,10.826312129747823,32.47893638924347,294158.873092
000000000002190,5,F,6200.0,False,65.88,False,1887,16,01,RI 126 SMITHFIELD,MOSHASSUCK  RIVER,40.33100909834282,10.082752274585705,30.248256823757114,270886.029624
000000000002220,4,P,300.0,False,54.51,False,1946,19,03,LAUREL RIDGE,CLEAR RIVER,32.947955367086706,6.58959107341734,26.358364293669368,224134.752198
000000000002245,7,G,1532.0,False,358.02,False,2017,16,01,RI 152 NEWMAN AVE,TEN MILE RIVER,16.938355444519694,8.469177722259847,8.469177722259847,1472110.144596
000000000002270,4,P,5534.0,False,200.2,False,1927,02,01,RI 102 VICTORY HWY,BRIDLE / HIKING TRAIL,49.75782278529613,9.951564557059225,39.8062582282369,823184.3219599999
000000000002430,5,F,56311.0,False,579.84,False,1953,12,01,RI 4 COL RODMAN HY,AMTRAK,50.52035954428257,12.630089886070643,37.89026965821193,2384191.794432
000000000002450,5,F,15000.0,False,245.22,False,1929,14,01,RI 2 SB BLD HLL RD,PAWTUXET RIVER,44.411032769487385,11.102758192371846,33.30827457711554,1008297.999156
000000000002460,6,F,15000.0,False,239.73,False,1929,14,01,RI 2 SB BLD HLL RD,PAWTUXET RIVER,33.30827457711554,11.102758192371846,22.205516384743696,985724.1633539998
000000000002480,5,F,10415.0,False,105.86,False,1929,14,01,RI 5&116 PLSNT VW,STILLWATER RESERVOIR,42.72632023825601,10.681580059564002,32.04474017869201,435276.18542799994
000000000002490,6,F,15861.0,False,85.76,False,1929,14,01,RI 116 PLSNT VW AV,GREENVILLE BROOK,33.50159207627052,11.16719735875684,22.334394717513682,352628.808448
000000000002505,7,G,40000.0,False,19814.48,False,2012,12,31,RI 24 & RI 138,SAKONNET RIVER,24.470406613482247,12.235203306741123,12.235203306741123,81473373.045904
000000000002560,5,F,8865.0,False,484.98,False,1930,14,01,RI 116 MAIN ST,PAWTUXET RIVER,41.98218839175728,10.49554709793932,31.48664129381796,1994145.5168040001
000000000002575,8,G,9864.0,False,450.45,False,2021,14,01,RI 33 SDY BTTM RD,PAWTUXET RIVER,10.618826073337496,10.618826073337496,0.0,1852164.72441
000000000002600,6,F,4040.0,False,196.47,False,1930,07,01,RI 91 CHURCH ST,MILL CANAL,28.764957620669456,9.58831920688982,19.176638413779635,807847.271406
000000000002610,6,F,6768.0,False,821.28,False,1931,07,01,RI 91 CHURCH ST,WOOD RIVER,30.551841384292484,10.183947128097495,20.367894256194987,3376947.152544
000000000002670,4,P,1640.0,False,231.87,False,1950,07,01,MOOSUP VALLEY RD,MOOSUP RIVER,42.73891953965697,8.547783907931393,34.19113563172557,953405.3383259999
000000000002690,6,F,5430.0,False,197.64,False,1931,02,01,RI 2 SO COUNTY TR,USQUEPAUG RIVER,29.788989707382076,9.929663235794024,19.85932647158805,812658.088872
000000000002700,5,F,3297.0,False,1046.76,False,1932,02,01,RI 2 SO COUNTY TR,AMTRAK,37.41490595813543,9.353726489533857,28.061179468601573,4304078.026248
000000000002710,6,F,3297.0,False,424.56,False,1931,02,01,RI 2 SO COUNTY TR,PAWCATUCK RIVER,28.061179468601573,9.353726489533857,18.707452979067718,1745709.968688
000000000002730,6,F,5430.0,False,658.68,False,1855,16,01,RI 5 PROVIDENCE PK,BRANCH RIVER,29.788989707382076,9.929663235794024,19.85932647158805,2708366.8790639997
000000000002740,6,F,800.0,False,351.6,False,1967,17,03,COLVIN ST,PAWTUXET RIVER N BRANCH,23.159052955594092,7.719684318531364,15.439368637062728,1445712.32568
000000000002750,5,F,10755.0,False,4602.3,False,1945,14,01,RI 116 G WASH HWY,BLACKSTONE RIVER  P&W RR,42.87466989899118,10.718667474747795,32.15600242424338,18923782.24254
000000000002762,6,F,7400.0,False,484.11,False,2003,12,01,RI 146 NB OFF RAMP,RI 116 GEORGE WASH HWY,30.861033851660398,10.287011283886798,20.5740225677736,1990568.242278
000000000002765,7,G,31584.0,False,614.25,True,2020,12,01,RI 146NB EDDOWLHWY,RI 116  GEORGE WASH HWY,23.924909097800036,11.962454548900018,11.962454548900018,4879453.47435
000000000002767,7,G,35616.0,False,614.25,True,2020,12,01,RI 146SB EDDOWLHWY,RI 116  GEORGE WASH HWY,24.2023448681052,12.1011724340526,12.1011724340526,4879453.47435
000000000002780,6,F,9419.0,False,2080.88,False,1932,14,01,RI 116 G WASH HWY,STILLWATER RESERVOIR,31.696592043308243,10.565530681102747,21.131061362205497,8556182.776624
000000000002790,6,F,8629.0,False,214.02,False,2000,16,01,MAIN ST,WASH SEC BIKE PATH,31.393188341438886,10.464396113812963,20.928792227625923,880009.533396
000000000002840,5,F,6868.0,False,117.53,False,1933,16,01,RI 77 MAIN RD,NANAQUAKET POND,40.80351979277328,10.20087994819332,30.60263984457996,483261.005794
000000000002860,4,P,16551.0,False,273.9,False,1940,14,01,RI 5 OAKLAWN AV,WASH SEC BIKE PATH,56.08181079078688,11.216362158157374,44.86544863262951,1126224.70422
000000000002870,4,P,3030.0,False,323.3,False,1919,17,04,VAN ZANDT AV,NEWPORT SEC RR,46.2812429047353,9.25624858094706,37.02499432378824,1329348.10834
000000000002910,7,G,685.0,False,113.9,False,1994,09,03,SEAPOWET AV,TIDAL INLET,15.081472381237468,7.540736190618734,7.540736190618734,468335.13622
000000000002920,2,P,957.0,False,84.18,False,1935,09,03,POND BRIDGE RD,NONQUIT POND,55.48443306282134,7.926347580403048,47.55808548241829,346132.148964
000000000002930,7,G,958.0,False,43.31,False,1920,08,01,POPPASQUASH RD,TIDAL INLET,15.855104401105697,7.9275522005528485,7.9275522005528485,178082.482438
000000000002940,6,F,10950.0,False,558.78,False,1992,16,01,RI 103A,E BAY BICYCLE FAC,32.218238175955015,10.739412725318338,21.478825450636677,2297597.080044
000000000002950,6,F,10926.0,False,145.2,False,1932,02,01,US 6 DANIELSON PK,DOLLY COLE BROOK,32.210638461942345,10.736879487314114,21.473758974628232,597034.78296
000000000002960,6,F,10926.0,False,201.6,False,1933,02,01,US 6 DANIELSON PK,PONAGANSETT RIVER,32.210638461942345,10.736879487314114,21.473758974628232,828940.8556799999
000000000002990,4,P,233.0,False,132.46,False,1930,09,01,NORTH SWITCH RD,WOOD RIVER,31.494340968342975,6.298868193668595,25.19547277467438,544650.326108
000000000003000,5,F,18924.0,False,14362.79,False,1929,14,31,RI 114,MT HP BY N SEC RR 114 LP,45.484222528606274,11.371055632151569,34.11316689645471,59057060.677342
000000000003010,2,P,10926.0,True,149.31,False,1886,19,01,SNEECH POND RD,ABBOTT RUN,75.1581564111988,10.736879487314114,64.42127692388469,613934.3212380001
000000000003020,7,G,8686.0,False,293.12,False,1983,17,03,MILL ST,SLEEPY HOLLOW RESERVOIR,20.94399441075008,10.47199720537504,10.47199720537504,1205253.688576
000000000003050,4,P,14500.0,False,1224.85,False,1915,14,01,RI 114 BROAD ST,BLACKSTONE RIVER,55.31808577615532,11.063617155231064,44.25446862092426,5036350.23353
000000000003060,4,P,8750.0,False,159.0,False,1902,16,01,RI 107 EAST AV,PASCOAG RIVER,52.402362757900804,10.480472551580158,41.92189020632065,653777.7582
000000000003075,7,G,1750.0,False,389.62,False,2016,17,01,RI 98 SHRMN FRM RD,NIPMUC RIVER,17.24539525145891,8.622697625729455,8.622697625729455,1602043.334276
000000000003080,6,F,7650.0,False,385.79,False,1947,16,01,RI 107 CHAPEL ST,PASCOAG RIVER,30.976108376545902,10.325369458848634,20.650738917697268,1586295.1027420003
000000000003100,5,F,14200.0,False,230.48,False,1933,16,01,RI 107 CHAPEL ST,PASCOAG RIVER,44.157917549165596,11.039479387291399,33.118438161874195,947689.922704
000000000003150,5,F,4600.0,False,115.52,False,1938,16,03,BRIDGEWAY RD,PASCOAG RIVER,38.95267433409815,9.738168583524537,29.21450575057361,474996.26809599996
000000000003170,5,F,14538.0,False,313.17,False,1925,02,01,RI 101 HARTFORD PK,PEEPTOAD BROOK,44.26655564593223,11.066638911483057,33.199916734449175,1287695.475066
000000000003230,5,F,6153.0,False,142.71,False,1934,06,01,RI 101 HARTFORD PK,PONAGANSETT RIVER,40.29587009888102,10.073967524720254,30.221902574160765,586796.3765580001
000000000003265,7,G,5588.0,False,210.24,False,2018,17,01,SIMMONSVILLE AV,SIMMONS BROOK,19.925549257391186,9.962774628695593,9.962774628695593,864466.892352
000000000003275,7,G,12688.0,False,1032.06,False,2022,14,01,RI 2 RESERVOIR AV,AMTRAK & P&W RR,21.81898980421028,10.90949490210514,10.90949490210514,4243634.422188
000000000003280,6,F,9824.0,False,248.43,False,2000,16,04,GANSETT AV,WASH SEC BIKE PATH,31.842404518878297,10.6141348396261,21.228269679252197,1021496.908614
000000000003340,5,F,4870.0,False,114.4,False,1934,17,01,HILL FARM RD,JOHNSONS POND,39.21604774694744,9.80401193673686,29.41203581021058,470391.04111999995
000000000003350,7,G,17000.0,False,430.1,False,1928,16,01,RI 402 FRNCHTWN RD,HUNT RIVER,22.494532090222545,11.247266045111273,11.247266045111273,1768489.39498
000000000003370,6,F,2700.0,False,131.0,False,1903,17,03,RI 107 MAIN ST,CHEPACHET RIVER,27.369461914826772,9.123153971608923,18.24630794321785,538647.0838
000000000003400,6,F,4691.0,False,220.08,False,1935,06,01,RI 165 TEN ROD RD,WOOD RIVER,29.282346836146722,9.760782278715574,19.521564557431148,904927.100784
000000000003440,5,F,10491.0,False,221.1,False,1934,14,01,BRIDGETOWN RD,PETTAQUAMSCUTT RIVER,42.759896721119766,10.689974180279942,32.069922540839826,909121.1467799998
000000000003450,5,F,6079.0,False,516.42,False,1991,16,01,OLD TOWER HILL RD,US 1,40.239997261277395,10.059999315319349,30.179997945958046,2123420.8169159996
000000000003470,4,P,2102.0,False,398.08,False,1984,17,04,DEAN PKWY,WASH SEC BIKE PATH,44.17099974646479,8.834199949292957,35.33679979717183,1636829.2451839997
000000000003480,5,F,13724.0,False,663.04,False,1974,16,04,GLENBRIDGE AV,WOONASQT RVR & BIKE PATH,44.00045674264666,11.000114185661666,33.000342556985,2726294.3697919995
000000000003500,6,F,20000.0,False,1001.22,True,1996,17,21,AIRPORT ELEV RDWY,PLAZA TERMINALS PARKING,34.30471444347345,11.43490481449115,22.869809628982303,7953449.585004
000000000003502,6,F,49041.0,False,5004.6,True,1996,17,21,AIRPORT ELEV RDWY,ARRIVAL ROAD,37.411454827187065,12.470484942395688,24.94096988479138,39755332.28772
000000000003504,6,F,20000.0,False,680.6,True,1996,17,21,AIRPORT ELEV RDWY,PLAZA TERMINALS PARKING,34.30471444347345,11.43490481449115,22.869809628982303,5406521.830920001
000000000003530,5,F,305.0,False,108.29,False,1965,09,03,GAZZA RD,CHEPACHET RIVER,26.434453547344926,6.608613386836232,19.825840160508694,445267.88324199995
000000000003545,8,G,184.0,False,161.16,False,2018,19,03,RAILROAD AVE,PASCOAG RIVER,6.027570617914461,6.027570617914461,0.0,662659.267368
000000000003550,7,G,62.0,False,109.65,False,2010,19,03,WARNER LANE,CLEAR RIVER,9.567561284956657,4.7837806424783285,4.7837806424783285,450859.94457000005
000000000003560,7,G,1095.0,False,100.1,False,1935,17,03,TARKILN RD,TARKILN POND,16.163462653195037,8.081731326597518,8.081731326597518,411592.1609799999
000000000003570,5,F,15001.0,False,466.83,False,1975,16,01,PONTIAC AV,PONTIAC BRANCH RR,44.41134063958286,11.102835159895715,33.30850547968714,1919516.168934
000000000003590,7,G,1136.0,False,288.65,False,1930,17,03,DRY BRIDGE RD,AMTRAK,16.248272472337653,8.124136236168827,8.124136236168827,1186873.8987699999
000000000003630,6,F,850.0,False,366.08,False,1949,08,01,WOODVILLE RD,WOOD RIVER,23.368795280494417,7.789598426831472,15.579196853662946,1505251.3315839998
000000000003650,5,F,6292.0,False,333.66,False,1936,06,01,RI 91 BRADFORD RD,AMTRAK,40.39902749078032,10.09975687269508,30.299270618085238,1371946.457868
000000000003680,4,P,747.0,False,186.34,False,1979,17,03,AUSTIN RD,POTOWOMUT POND,38.20320404724536,7.640640809449072,30.562563237796287,766194.638132
000000000003690,4,P,5252.0,False,567.22,False,2007,16,01,DEVILS FOOT RD,AMTRAK,49.45593237339022,9.891186474678044,39.564745898712175,2332300.754756
000000000003700,4,P,1787.0,False,244.72,False,1936,17,01,EXETER RD,AMTRAK,43.234208117589006,8.646841623517801,34.587366494071205,1006242.094256
000000000003710,5,F,1947.0,False,315.98,False,1985,19,01,CLAY ST,AMTRAK PW RR,34.983198611652924,8.745799652913231,26.237398958739693,1299249.660604
000000000003720,5,F,12300.0,False,707.2,False,1936,14,01,RI 138 KNGSTOWN RD,AMTRAK & ACCESS RD,43.49455206541094,10.873638016352736,32.62091404905821,2907871.89056
000000000003730,7,G,3358.0,False,277.76,False,2002,16,01,SUCCOTASH RD,POTTER POND CHANNEL,18.749774924834323,9.374887462417162,9.374887462417162,1142096.290048
000000000003750,4,P,513.0,False,317.84,False,1984,08,03,BURDICKVILLE RD,PAWCATUCK RIVER,36.0372384623371,7.20744769246742,28.829790769869682,1306897.6268319997
000000000003760,5,F,1541.0,False,200.68,False,1986,07,03,CHARLESTOWN BCH RD,PERRY CREEK,33.90374616566403,8.475936541416008,25.427809624248024,825157.9906639999
000000000003770,5,F,300.0,False,91.25,False,1950,19,03,MOSHASSUCK ROAD,MOSHASSUCK RIVER,26.35836429366936,6.58959107341734,19.768773220252022,375202.64425
000000000003780,7,G,3181.0,False,346.02,False,2010,17,01,RI 96 CLLHN SCH ST,PASCOAG RIVER,18.62476705718056,9.31238352859028,9.31238352859028,1422768.4269959999
000000000003805,8,G,4907.0,False,62.22,True,2017,16,01,RI 126 OLD RIVERRD,MUSSEY BROOK,9.81274932323685,9.81274932323685,0.0,494260.63520399993
000000000003820,5,F,10149.0,False,541.2,False,1967,16,01,RI 115 MAIN ST,PAWTUXET RIVER,42.60684216443391,10.651710541108477,31.95513162332543,2225311.46376
000000000003830,7,G,6605.0,False,789.6,False,2013,16,03,EAST AV,PAWTUXET RIVER,20.311606037098446,10.155803018549223,10.155803018549223,3246685.01808
000000000003880,6,F,7800.0,False,151.84,False,1901,16,01,MANVILLE RD,MANVILLE MILL TRENCH,31.04336168497188,10.347787228323961,20.69557445664792,624337.200032
000000000003890,5,F,71.0,False,102.2,False,1922,09,03,PONAGANSETT RD,PONAGANSETT RIVER,19.751839074091993,4.937959768522998,14.813879305568996,420226.96156
000000000003900,6,F,700.0,False,66.3,False,1920,08,03,GLEANER CHAPEL RD,RUSH BROOK,22.697133301033105,7.565711100344369,15.131422200688736,272612.98974
000000000003910,7,G,980.0,False,107.8,False,1993,07,03,ELMDALE RD,HUNTINGHOUSE BROOK,15.90748153878111,7.953740769390555,7.953740769390555,443253.09644
000000000003950,5,F,10201.0,False,2372.74,False,1963,16,01,RI 123 JOHN ST,BLACKSTONE RIVER,42.63044310889658,10.657610777224145,31.972832331672436,9756255.584851999
000000000003965,6,F,7800.0,False,1033.68,False,2021,16,01,MANVILLE HILL RD,BLACKSTONE RVR  P&W   BP,31.04336168497188,10.347787228323961,20.69557445664792,4250295.554064
000000000003970,7,G,5919.0,False,358.4,False,1900,17,01,LAUREL AV,PAWTUXET RIVER,20.058414804581663,10.029207402290831,10.029207402290831,1473672.6323199999
000000000004020,6,F,5445.0,False,213.5,False,1888,17,04,DELAINE ST,WOONASQUATUCKET RIVER,29.79854350104511,9.932847833681704,19.865695667363404,877871.3923000001
000000000004035,8,G,24623.0,False,465.6,True,2021,01,01,I-95 NB,RI 138 KINGSTOWN RD,11.674997422327507,11.674997422327507,0.0,3698613.81792
000000000004037,8,G,24623.0,False,465.6,True,2021,01,01,I-95 SB,RI 138 KINGSTOWN RD,11.674997422327507,11.674997422327507,0.0,3698613.81792
000000000004040,6,F,49247.0,False,2378.0,True,1953,01,01,I-95 NB & SB,WOOD RIVER & MECHANIC ST,37.425974337608345,12.475324779202781,24.950649558405566,18890256.9996
000000000004050,5,F,9396.0,False,671.46,False,1952,02,01,RI 3 NSNCK HILL RD,I-95 NB & SB,42.25083231070898,10.562708077677245,31.688124233031736,2760915.8083079997
000000000004060,4,P,15757.0,False,213.44,False,1947,16,01,CENTRAL AV,TEN MILE RIVER,55.798010267176764,11.159602053435352,44.638408213741414,877624.6837119999
000000000004070,6,F,13900.0,False,409.6,False,1957,14,01,RI 123 DEXTER ST,ABBOTT RUN RIVER,33.04447866030722,11.014826220102407,22.029652440204814,1684197.29408
000000000004080,6,F,11100.0,False,465.74,False,1988,14,01,RI 114 BROAD ST,P&W RR,32.26536231459682,10.755120771532274,21.510241543064545,1915034.296252
000000000004125,8,G,454.0,False,122.36,False,2017,19,03,NORTH RD,CLEAR RIVER,7.066668658512941,7.066668658512941,0.0,503121.047128
000000000004130,6,F,5919.0,False,150.65,False,2000,17,04,PHENIX AV,FURNACE HILL BROOK,30.087622206872496,10.029207402290831,20.058414804581666,619444.14637
000000000004140,5,F,7979.0,False,488.27,False,1956,16,01,FAIRVIEW AV,PAWTUXET RIVER,41.495926725391975,10.373981681347994,31.121945044043983,2007673.371046
000000000004150,6,F,4168.0,False,469.76,False,1953,17,01,WILBUR RD,RI 146 EDDIE DOWLING HWY,28.87297545256493,9.624325150854977,19.24865030170995,1931563.771648
000000000004158,5,F,1584.0,False,466.17,False,1953,19,03,STILLMAN AVENUE,PAWCATUCK RIVER,34.030774364203175,8.507693591050794,25.52308077315238,1916802.374466
000000000004165,8,G,13500.0,False,686.25,False,2024,16,01,RI 123 BRKNCK HILL,RI 146 EDDIE DOWLING HWY,10.981114510558571,10.981114510558571,0.0,2821729.4752499997
000000000004170,3,P,9900.0,False,571.3,False,1952,14,01,TWIN RIVER RD,RI 146 EDDIE DOWLING HWY,63.73819169151537,10.623031948585894,53.11515974292948,2349076.9387399997
000000000004180,4,P,47393.0,False,628.32,True,1956,12,01,RI 146 ED DOWL HWY,COBBLE HILL RD,62.155090447111284,12.431018089422254,49.72407235768903,4991222.152224
000000000004190,7,G,47208.0,False,699.16,True,1956,12,01,RI 146 ED DOWL HWY,RI 246 CHARLES ST,24.853004477548573,12.426502238774287,12.426502238774287,5553957.983112
000000000004210,6,F,7657.0,False,506.3,False,1952,14,01,RI 2 NEWLONDONAVE,MESH INTERCHANGE LANE B,30.979276081317693,10.32642536043923,20.65285072087846,2081809.30174
000000000004220,6,F,18181.0,False,470.58,False,1952,14,01,RI 2 MESH INT,RI 5 OAKLAWN AV,33.97443239706144,11.324810799020481,22.64962159804096,1934935.455684
000000000004230,5,F,10200.0,False,1028.7,False,1952,14,01,RI 2 MESH INT,RI 5 OAKLAWN AV & LANE C,42.62999038005875,10.657497595014688,31.97249278504406,4229818.7412600005
000000000004240,5,F,5000.0,False,229.14,False,1952,14,01,LANE H,MESH INTERCHANGE LANE A,39.33769309336272,9.83442327334068,29.503269820022037,942180.0975719999
000000000004250,5,F,22500.0,False,542.85,False,1951,14,01,RI 117 CNTRVLLE RD,RI 2 BALD HILL RD,46.28357610985474,11.570894027463686,34.712682082391055,2232095.94993
000000000004270,6,F,69109.0,False,667.44,True,1957,12,01,RI 146 ED DOWL HWY,RI 15 MINERAL SPRING AV,38.59964482426257,12.866548274754189,25.73309654950838,5301981.973008
000000000004280,4,P,65800.0,False,1663.45,True,1957,12,01,RI 146 ED DOWL HWY,BRANCH AV,64.0494856343982,12.809897126879639,51.239588507518555,13214044.57779
000000000004290,6,F,9494.0,False,537.9,False,1957,17,01,HAWKINS ST,RI 146 LOUISQUISSET PIKE,31.724061536407987,10.574687178802662,21.149374357605325,2211742.49142
000000000004300,4,P,20250.0,False,690.9,False,1975,16,01,ADMIRAL ST,RI 146 LOUISQUISSET PIKE,57.24623747525326,11.449247495050653,45.79698998020261,2840849.39082
000000000004310,7,G,6580.0,False,167.9,False,1997,06,01,HARKNEY HILL RD,FLAT RIVER RESERVOIR,20.302850219307203,10.151425109653601,10.151425109653601,690372.86542
000000000004320,6,F,438.0,False,191.1,False,1992,08,01,CENTRAL PIKE,BARDEN RESERVOIR,21.07600580258498,7.025335267528327,14.050670535056653,785766.8527799998
000000000004330,5,F,316.0,False,89.18,False,1954,08,01,CENTRAL PIKE,HEMLOCK BROOK,26.5975640640606,6.64939101601515,19.948173048045447,366691.197964
000000000004340,5,F,15930.0,False,120.45,False,1957,16,01,NATICK AV,FURNACE HILL BROOK,44.68883648397426,11.172209120993564,33.51662736298069,495267.49040999997
000000000004350,7,G,3341.0,False,208.62,False,2012,16,01,DAVISVILLE RD,FRENCHTOWN BROOK,18.738058032811665,9.369029016405833,9.369029016405833,857805.7604759999
000000000004390,6,F,75800.0,False,207.75,True,1957,12,01,RI 146 ED DOWL HWY,WEST RIVER,38.91974952114093,12.97324984038031,25.946499680760617,1650315.76605
000000000004405,8,G,42500.0,False,739.2,False,2024,12,01,RI 146 NB,RI 146A N SMITHFIELD EXP,12.305200513362204,12.305200513362204,0.0,3039449.8041600003
000000000004415,7,G,20852.0,False,371.18,False,2020,12,01,RI 146 NB,RI 104 FARNUM PIKE,22.966141539994982,11.483070769997491,11.483070769997491,1526221.5615639999
000000000004417,7,G,22771.0,False,371.18,False,2021,12,01,RI 146 SB,RI 104 FARNUM PIKE,23.169434379139418,11.584717189569709,11.584717189569709,1526221.5615639999
000000000004425,7,G,672.0,False,865.84,False,2018,12,01,WOONSOCKET HILL RD,RI 146 N SMITHFIELD EXP,15.037290995281683,7.518645497640842,7.518645497640842,3560169.3972320003
000000000004430,6,F,5348.0,False,620.16,False,1958,12,01,RI 146 N SMFLD EXP,POUND HILL RD,29.736291369260908,9.91209712308697,19.82419424617394,2549979.965568
000000000004450,6,F,26951.0,False,711.37,False,1959,12,01,RI 146 N SMFLD EXP,BRANCH RIVER,35.33790552979875,11.77930184326625,23.558603686532503,2925018.137426
000000000004460,6,F,2920.0,False,994.95,False,1959,17,01,SCHOOL ST,RI 146 N SMITHFIELD EXP,27.640697782055174,9.213565927351725,18.427131854703447,4091045.1605100003
000000000004470,6,F,15600.0,False,755.7,False,1959,14,01,RI 146A GREAT RD,RI 146 N SMITHFIELD EXP,33.44412173304041,11.148040577680137,22.296081155360277,3107294.66586
000000000004480,6,F,34375.0,False,400.4,False,1959,12,01,RI 146 N SMFLD EXP,OLD GREAT ROAD,36.180672682534684,12.060224227511561,24.120448455023123,1646368.6439199997
000000000004495,7,G,2285.0,False,937.2,False,2017,16,01,RI 5 (CENTRAL ST),RI 146 N SMITHFIELD EXP,17.861081196343036,8.930540598171518,8.930540598171518,3853588.14456
000000000004510,6,F,14068.0,False,814.86,True,1958,14,01,US 44 TNTN&WTRMN A,BROADWAY & NO BROADWAY,33.08609036327418,11.02869678775806,22.057393575516123,6473050.806852
000000000004520,7,G,16500.0,False,1177.4,False,2011,16,01,UNION AV,RI 10 HUNTINGTON EXPRESS,22.425598053587247,11.212799026793624,11.212799026793624,4841244.85852
000000000004530,6,F,54000.0,False,4882.2,True,1959,12,01,RI 10 HUNTNGTN EXP,CRANSTON ST SR-3 AMTRAK,37.74511524378459,12.581705081261529,25.16341016252306,38783016.28404
000000000004540,5,F,3700.0,False,873.2,False,1959,19,01,FRANKFORT STREET,RI 10 HUNTINGTON EXPRESS,37.947359704971376,9.486839926242844,28.460519778728532,3590432.31736
000000000004550,6,F,22600.0,False,1646.74,False,1959,14,01,RI 2 RESERVOIR AV,RI 10 HUNTINGTON EXPRESS,34.728042335163344,11.576014111721115,23.15202822344223,6771081.670052
000000000004560,6,F,4040.0,False,403.2,False,1965,17,01,PULASKI ST,PAWTUXET RIVER,28.764957620669456,9.58831920688982,19.176638413779635,1657881.7113599998
000000000004570,6,F,1943.0,False,77.35,False,1886,19,03,RAWSON RD,ABBOTT RUN CANAL,26.230278946106285,8.743426315368762,17.486852630737523,318048.48802999995
000000000004580,5,F,581.0,False,73.92,False,1960,09,03,LIBERTY CHURCH RD,SODOM BROOK,29.403628025674656,7.350907006418664,22.05272101925599,303944.98041599995
000000000004595,7,G,4300.0,False,135.96,False,2020,19,03,HOWARD RD,ABBOTT RUN,19.320632959302348,9.660316479651174,9.660316479651174,559041.660408
000000000004600,6,F,1943.0,False,152.28,False,1886,19,03,RAWSON RD,ABBOTT RUN,26.230278946106285,8.743426315368762,17.486852630737523,626146.396344
000000000004620,7,G,21600.0,False,627.75,True,1959,11,01,I-195 EB RAMP CR-1,VALLEY ST,23.047523870140743,11.523761935070372,11.523761935070372,4986694.21005
000000000004630,6,F,15000.0,False,1114.56,False,2005,11,01,TAUNTON AV RAMP,I-195 EB & WB,33.30827457711554,11.102758192371846,22.205516384743696,4582858.730688
000000000004640,7,G,3600.0,False,326.7,True,2013,11,01,I-195 RAMP CR-3,US 6 WARREN AV,18.910425922035508,9.455212961017754,9.455212961017754,2595225.80394
000000000004650,7,G,11600.0,False,221.94,True,1959,11,01,I-195 RAMP DR-2,US 6 WARREN AV,21.611978399572372,10.805989199786186,10.805989199786186,1763037.6949079998
000000000004665,7,G,5000.0,False,467.52,False,2018,11,01,US 6 WRRN AV & RMP,I-195 EB & WB,19.66884654668136,9.83442327334068,9.83442327334068,1922353.3176959998
000000000004670,5,F,2000.0,False,694.02,False,1959,19,01,POTTER ST,I-195 EB & WB,35.10717728992802,8.776794322482004,26.330382967446013,2853678.237396
000000000004680,5,F,1900.0,False,731.43,False,1959,19,01,PURCHASE ST,I-195 EB & WB,34.87040000839636,8.71760000209909,26.15280000629727,3007501.0420139995
000000000004690,5,F,1500.0,False,735.3,False,1959,19,01,LYON AV,I-195 EB & WB,33.779283134167514,8.444820783541878,25.334462350625635,3023413.74594
000000000004700,6,F,121059.0,False,1513.2,True,1959,11,01,I-195 EB & WB,BROADWAY,40.54145317217822,13.513817724059408,27.027635448118815,12020494.90824
000000000004715,7,G,13392.0,False,887.04,False,2017,14,01,PAWTUCKET AVE,I-195EB & WB,21.943682054852356,10.971841027426178,10.971841027426178,3647339.7649919996
000000000004725,7,G,22100.0,False,1123.12,False,2019,11,01,RI 114 LANE F,I-195 EB & WB,23.10036715844921,11.550183579224605,11.550183579224605,4618055.822575999
000000000004730,6,F,86400.0,False,1481.92,True,2005,11,01,I-195 EB & WB,US 6 WARREN AV,39.37312967616062,13.124376558720208,26.248753117440415,11772014.151743999
000000000004744,8,G,100.0,False,320.04,False,2021,08,03,BOOM BRIDGE ROAD,PAWCATUCK RIVER,5.328748797507344,5.328748797507344,0.0,1315943.608392
000000000004755,7,G,20900.0,False,614.39,True,2016,11,01,I-195 LANE E,US 6 WARREN AV,22.971450941081294,11.485725470540647,11.485725470540647,4880565.600498
000000000004765,7,G,17200.0,False,376.25,False,2016,12,01,RI 114 E SHORE EXP,US 6 WARREN AV,22.52153966802009,11.260769834010045,11.260769834010045,1547068.43725
000000000004770,5,F,10100.0,False,712.88,False,1959,16,01,WAMPANOAG TRAIL,RI 114 EAST SHORE EXPWY,42.58449190121881,10.646122975304703,31.93836892591411,2931226.970224
000000000004780,7,G,10807.0,False,325.38,False,2012,16,01,RI 152 N BROADWAY,TEN MILE RIVER,21.44847217606563,10.724236088032814,10.724236088032814,1337900.672724
000000000004790,7,G,10807.0,False,170.52,False,2012,16,01,RI 152 N BROADWAY,TEN MILE RIVER,21.44847217606563,10.724236088032814,10.724236088032814,701145.8070960001
000000000004805,7,G,15500.0,False,235.72,False,2019,14,01,RI 12 PARK AV,POCASSET RIVER,22.281231534273463,11.140615767136731,11.140615767136731,969235.806056
000000000004810,6,F,11225.0,False,698.88,False,1962,12,01,US 1 NB POST RD,RI 108 KING RD&PT JDH RD,32.304148550077535,10.76804951669251,21.536099033385025,2873661.633024
000000000004812,6,F,11225.0,False,647.68,False,1962,12,01,US 1 SB POST RD,RI 108 KING RD&PT JDH RD,32.304148550077535,10.76804951669251,21.536099033385025,2663136.9712639996
000000000004820,5,F,3400.0,False,385.9,False,1963,12,01,US 1 POST RD RAMP,RI 108 POINT JUDITH RD,37.556940397565754,9.389235099391438,28.167705298174315,1586747.4018199998
000000000004830,6,F,12625.0,False,1030.14,False,1963,16,01,WOODRUFF AV,US 1 POST RD,32.711243924100266,10.903747974700089,21.807495949400177,4235739.7473720005
000000000004840,5,F,11243.0,False,554.24,False,1963,12,01,US 1 POST RD NB,SALT POND RD,43.07959755551234,10.769899388878086,32.309698166634256,2278929.463552
000000000004842,5,F,11243.0,False,554.24,False,1963,12,01,US 1 POST RD SB,SALT POND RD,43.07959755551234,10.769899388878086,32.309698166634256,2278929.463552
000000000004850,5,F,11243.0,False,538.88,False,1963,12,01,US 1 NB POST RD,SILVER SPRING COVE,43.07959755551234,10.769899388878086,32.309698166634256,2215772.0650239997
000000000004852,6,F,11243.0,False,564.14,False,1963,12,01,US 1 SB POST RD,SILVER SPRING COVE,32.30969816663426,10.769899388878086,21.539798777756175,2319636.380572
000000000004860,6,F,8117.0,False,506.52,False,1963,12,01,US 1 NB POST RD,POND ST,31.18133476075502,10.393778253585007,20.787556507170017,2082713.899896
000000000004862,6,F,8117.0,False,427.52,False,1963,12,01,US 1 SB POST RD,POND ST,31.18133476075502,10.393778253585007,20.787556507170017,1757880.925696
000000000004870,5,F,100.0,False,71.54,False,1960,09,03,BISCUIT CITY RD,PAWCATUCK RIVER,21.314995190029375,5.328748797507344,15.98624639252203,294158.873092
000000000004880,5,F,660.0,False,328.28,False,1984,08,01,SKUNK HILL RD,WOOD RIVER,29.991488056829507,7.497872014207377,22.49361604262213,1349824.9211439998
000000000004890,6,F,202.0,False,102.08,False,1965,08,01,KENYON SCHOOL RD,AMTRAK,18.404334102485752,6.134778034161917,12.269556068323835,419733.544384
000000000004900,5,F,25453.0,False,475.31,False,1967,14,01,RI 2 NB BLD HLL RD,PAWTUXET RIVER,46.85309952016138,11.713274880040345,35.139824640121034,1954384.3160379997
000000000004910,5,F,25453.0,False,484.25,False,1967,14,01,RI 2 NB BLD HLL RD,PAWTUXET RIVER,46.85309952016138,11.713274880040345,35.139824640121034,1991143.8956499998
000000000004930,4,P,6464.0,False,192.24,False,1962,17,01,HIGGINSON AV,MOSHASSUCK RIVER,50.65445774686258,10.130891549372516,40.52356619749007,790454.315952
000000000004940,5,F,13197.0,False,248.0,False,1962,16,01,DYER AVENUE,POCASSET RIVER,43.81962493287161,10.954906233217903,32.86471869965371,1019728.8304
000000000004950,6,F,2599.0,False,1238.4,False,1961,17,01,HUMMOCKS POINT RD,TIDAL INLET,27.237451078779763,9.079150359593253,18.15830071918651,5092065.25632
000000000004995,7,G,1621.0,False,925.0,False,2016,17,01,GREAT ISLAND RD,TIDAL FLATS INLET,17.068674544868237,8.534337272434119,8.534337272434119,3803424.065
000000000005000,5,F,20000.0,False,2181.6,False,1959,14,01,RI 122 HAMLET AVE,BLACKSTONE RIVER,45.7396192579646,11.43490481449115,34.30471444347345,8970324.25968
000000000005015,7,G,75250.0,False,1066.34,True,2020,12,01,US 6 OLNEYVLLE EXP,PLAINFIELD ST,25.929682998390774,12.964841499195387,12.964841499195387,8470747.118987998
000000000005045,7,G,92060.0,False,4709.25,True,2020,12,01,US 6 OLNEYVLLE EXP,TROY ST,26.395280417030794,13.197640208515397,13.197640208515397,37409143.303349994
000000000005046,7,G,40760.0,False,635.04,True,2020,12,01,US 6 OLNEYVLLE EXP,WESTMINSTER AMTRAK,24.513869797601323,12.256934898800662,12.256934898800662,5044604.207327999
000000000005047,7,G,51050.0,False,1967.65,True,2020,12,01,US 6 OLNEYVLLE EXP,AMTRAK W SERVICE RD RT10,25.033682056248814,12.516841028124407,12.516841028124407,15630535.822229998
000000000005048,7,G,15460.0,False,478.4,True,2024,12,01,US 6 OLNEYVLLE EXP,WESTMINSTER AMTRAK RT10,22.2752648450352,11.1376324225176,11.1376324225176,3800293.9228799995
000000000005110,4,P,12493.0,False,211.4,False,1909,16,04,VALLEY ST,WOONASQUATUCKET RIVER,54.45806617142378,10.891613234284755,43.566452937139026,869236.59172
000000000005120,5,F,3600.0,False,79.57,False,1906,17,03,SAYLES AVENUE,PASCOAG RIVER,37.820851844071015,9.455212961017754,28.36563888305326,327176.70578599995
000000000005130,4,P,19384.0,False,275.2,False,1951,16,04,MANTON AV,WOONASQUATUCKET RIVER,56.99392461065028,11.398784922130057,45.59513968852023,1131570.05696
000000000005140,5,F,2241.0,False,481.84,False,1956,17,03,FACTORY ST,PAWTUXET RIVER S BRANCH,35.6324004761752,8.9081001190438,26.724300357131398,1981234.4340319997
000000000005150,3,P,2241.0,False,316.8,False,1956,17,03,FACTORY ST,MILL TAIL RACE,53.448600714262795,8.9081001190438,44.540500595218994,1302621.34464
000000000005160,6,F,3890.0,False,432.82,False,1957,17,01,SHIPPEETOWN RD,I-95 NB & SB,28.633932736823336,9.544644245607778,19.08928849121556,1779673.517636
000000000005170,6,F,53440.0,False,535.62,True,1958,11,01,I-95 NB & SB,HOPKINS HILL RD,37.7090065874945,12.569668862498165,25.139337724996334,4254835.767084
000000000005180,6,F,74100.0,False,892.38,True,1958,11,01,I-95 NB & SB,RI 2 QUAKER LANE,38.84118009786584,12.947060032621946,25.89412006524389,7088850.942516
000000000005190,6,F,11087.0,False,1180.8,False,1957,16,01,NEW LONDON TRNPK,I-95 NB & SB,32.261303500842494,10.753767833614164,21.507535667228332,4855225.01184
000000000005200,7,G,12310.0,False,794.97,False,1957,14,01,RI 3 NSNCK HILL RD,I-95 NB & SB,21.749152561833355,10.874576280916678,10.874576280916678,3268765.436706
000000000005210,5,F,49641.0,False,294.64,True,1960,11,01,I-95 NB & SB,BIG RIVER,49.938101702380536,12.484525425595134,37.4535762767854,2340548.9160479996
000000000005370,5,F,52688.0,False,1589.26,True,1961,11,01,I-95 NB&SB,EDDY ST,50.21322402100689,12.553306005251722,37.65991801575517,12624697.156932
000000000005395,6,F,167639.0,False,1525.7,True,2018,11,01,I-95 NB & SB,BLACKSTONE ST,41.66906040493159,13.889686801643863,27.77937360328773,12119791.88574
000000000005425,8,G,1131.0,False,317.84,False,2023,07,01,KINGS FACTORY RD,PAWCATUCK RIVER,8.119047517888603,8.119047517888603,0.0,1306897.6268319997
000000000005430,5,F,151500.0,False,1156.56,True,1963,11,01,I-95 NB & SB,MOSHASSUCK RIVER,55.0912308263889,13.772807706597225,41.318423119791674,9187432.983792
000000000005440,5,F,19853.0,False,761.1,False,1964,16,01,RI 122 LONSDALE AV,I-95 NB & SB,45.70554952898055,11.426387382245137,34.27916214673541,3129498.43878
000000000005450,5,F,600.0,False,520.8,False,1964,19,01,SLATER ST,I-95 NB & SB,29.55199539315852,7.38799884828963,22.16399654486889,2141430.54384
000000000005460,5,F,17070.0,False,998.28,False,1964,16,01,MAIN ST,I-95 NB & SB,45.00804142753019,11.252010356882547,33.75603107064764,4104737.4871439994
000000000005470,5,F,2727.0,False,935.55,False,1964,16,01,GARDEN ST,I-95 NB & SB,36.538554691174895,9.134638672793724,27.40391601838117,3846803.6583899995
000000000005485,8,G,6060.0,False,777.15,False,2018,16,01,PINE ST,I-95 NB & SB,10.056385452247564,10.056385452247564,0.0,3195492.98607
000000000005490,5,F,10909.0,False,1208.88,False,1964,14,01,GEORGE ST,I-95 NB & SB,42.9403269668996,10.7350817417249,32.2052452251747,4970684.631024
000000000005500,7,G,116900.0,False,4989.33,True,2013,11,01,I-95,TAFT ST & SEEKONK RIVER,26.946906451530143,13.473453225765072,13.473453225765072,39634031.100006
000000000005520,5,F,126200.0,False,1190.64,True,1958,11,01,I-95 NB & SB,WATER ST,54.24735293828348,13.56183823457087,40.685514703712606,9458156.263248
000000000005522,7,G,126200.0,False,465.0,True,2013,11,01,CD-ROAD,WATER ST,27.12367646914174,13.56183823457087,13.56183823457087,3693847.563
000000000005530,7,G,18244.0,False,238.21,True,1958,11,01,I-95 NB EXIT RAMP,WATER ST,22.657609261695296,11.328804630847648,11.328804630847648,1892282.640822
000000000005540,6,F,126200.0,False,717.32,True,1958,11,01,I-95 NB & SB,SCHOOL ST,40.685514703712606,13.56183823457087,27.123676469141735,5698216.632024
000000000005550,5,F,13837.0,False,852.24,False,1958,16,01,WALCOTT ST,I-95 NB & SB,44.03832598181046,11.009581495452615,33.028744486357844,3504248.783952
000000000005560,5,F,1919.0,False,768.59,False,1964,16,01,UNDERWOOD ST,I-95 NB & SB,34.91633168844459,8.729082922111148,26.187248766333447,3160295.8941820003
000000000005570,5,F,16040.0,False,529.98,False,1958,16,01,EXCHANGE ST,I-95 NB & SB,44.7206166954387,11.180154173859675,33.54046252157902,2179176.957804
000000000005580,5,F,9700.0,False,1156.56,False,1964,14,01,US 1 BROADWAY,I-95 NB & SB,42.39787876851027,10.599469692127567,31.7984090763827,4755554.742287999
000000000005590,6,F,1500.0,False,947.8,False,1964,17,01,FOUNTAIN ST,I-95 NB & SB,25.334462350625635,8.444820783541878,16.889641567083757,3897173.32844
000000000005600,5,F,6100.0,False,789.42,False,1964,16,01,CENTRAL AV,I-95 NB & SB,40.25592187732411,10.063980469331028,30.191941407993085,3245944.8923159996
000000000005615,8,G,42300.0,False,392.04,True,2020,11,01,I-95 NB,EAST ST,12.29975427176591,12.29975427176591,0.0,3114270.964728
000000000005617,8,G,82660.0,False,392.04,True,2020,11,01,I-95 SB,EAST ST,13.073282705322029,13.073282705322029,0.0,3114270.964728
000000000005625,7,G,42300.0,False,435.12,True,2020,11,01,I-95 NB,ROOSEVELT AV,24.59950854353182,12.29975427176591,12.29975427176591,3456488.0679840003
000000000005627,8,G,89125.0,False,435.12,True,2020,11,01,I-95 SB,ROOSEVELT AV,13.16022990267641,13.16022990267641,0.0,3456488.0679840003
000000000005630,5,F,48250.0,False,1511.64,True,1961,11,01,I-95 NB,AMTRAK & PLEASANT VW ST,49.80684033872183,12.451710084680457,37.35513025404137,12008102.645448
000000000005632,5,F,48250.0,False,1511.64,True,1961,11,01,I-95 SB,AMTRAK & PLEASANT VW ST,49.80684033872183,12.451710084680457,37.35513025404137,12008102.645448
000000000005640,5,F,3449.0,False,89.25,False,1882,19,03,CHURCH ST,SAUGATUCKET RIVER,37.62300695939121,9.405751739847803,28.21725521954341,366979.02465
000000000005650,4,P,1461.0,False,183.6,False,1959,19,03,SILVER LAKE AV,SAUGATUCKET RIVER,42.07211908887622,8.414423817775244,33.65769527110098,754928.2792799999
000000000005660,5,F,1815.0,False,440.8,False,1969,07,01,SWITCH RD,WOOD RIVER,34.659131739662136,8.664782934915534,25.9943488047466,1812485.7598399997
000000000005670,5,F,3600.0,False,891.98,False,1969,07,01,WOODVILLE-ALTON RD,I-95 NB & SB,37.820851844071015,9.455212961017754,28.36563888305326,3667652.105404
000000000005680,5,F,700.0,False,775.58,False,1969,08,01,WOODVILLE RD,I-95 NB & SB,30.262844401377475,7.565711100344369,22.697133301033105,3189037.444684
000000000005690,6,F,40800.0,False,225.12,True,1965,01,01,I-95 NB,ASHAWAY RIVER,36.77420224448003,12.258067414826677,24.516134829653353,1788298.845984
000000000005692,6,F,18300.0,False,225.12,True,1965,01,01,I-95 SB,ASHAWAY RIVER,33.99702942954871,11.332343143182905,22.664686286365807,1788298.845984
000000000005710,6,F,13259.0,False,1237.78,False,1963,14,01,BROAD ST,I-95  A B C D,32.88095282608411,10.960317608694705,21.920635217389407,5089515.934243999
000000000005720,5,F,7070.0,False,1058.68,False,1963,16,01,WESTMINSTER ST,I-95 NB & SB,40.937379904857444,10.234344976214361,30.703034928643085,4353090.799064
000000000005730,6,F,7777.0,False,1065.12,False,1963,16,01,WASHINGTON ST,I-95  BR-3,31.033133889709895,10.344377963236633,20.688755926473263,4379570.854175999
000000000005740,5,F,12522.0,False,1162.72,False,1963,16,01,BROADWAY,I-95 NB & SB,43.577160611426144,10.894290152856536,32.68287045856961,4780883.490656001
000000000005750,5,F,10989.0,False,1281.52,False,1965,16,01,ATWELLS AV,I-95 RAMPS BC&CA,42.974069679440156,10.743517419860039,32.230552259580115,5269366.494896
000000000005775,6,F,13700.0,False,1258.32,True,2015,11,01,RAMP AR-5,I-95 RAMP CA,32.99428018846917,10.99809339615639,21.996186792312777,9995789.818224
000000000005782,6,F,236230.0,False,7426.0,True,2016,11,01,I-95 SB,US 6 WOON RVR AMTRAK,42.857142857142854,14.285714285714285,28.57142857142857,58990348.393199995
000000000005785,8,G,95468.0,False,10930.96,True,2022,11,01,I-95 NB,US 6 WOON RVR AMTRAK,13.239611163052825,13.239611163052825,0.0,86832903.13387199
000000000005790,4,P,31200.0,False,2991.94,True,1988,11,01,RAMP AD,AMTRAK WOON RVR RAMP BD,59.741654645084644,11.948330929016928,47.79332371606772,23767247.908908
000000000005800,6,F,3500.0,False,704.7,True,1988,11,01,RAMP A-C,US 6 EXTENSION  RAMP C-C,28.268085690367347,9.42269523012245,18.845390460244897,5597966.40354
000000000005810,6,F,22100.0,False,685.8,True,1988,11,01,RAMP CB,RAMP CC,34.65055073767381,11.550183579224605,23.100367158449206,5447829.373559999
000000000005840,6,F,4900.0,False,1840.5,True,1988,11,01,I-95 RAMP DA,US 6 W EXCH RMPSCB AC CC,29.433304102119155,9.811101367373052,19.622202734746104,14620486.9671
000000000005850,6,F,21100.0,False,1486.8,True,1988,11,01,I-95 RAMP CA,RAMP CC & W. EXCHANGE ST,34.49016447034739,11.496721490115796,22.993442980231592,11810779.69176
000000000005860,6,F,50500.0,False,405.52,True,1968,01,01,I-95 NB,WEAVER HILL RD,37.51300230019608,12.504334100065359,25.00866820013072,3221352.825264
000000000005862,6,F,50500.0,False,355.01,True,1968,01,01,I-95 SB,WEAVER HILL RD,37.51300230019608,12.504334100065359,25.00866820013072,2820113.5985819995
000000000005880,7,G,24820.0,False,313.76,True,2007,01,01,I-95 NB,ROBIN HOLLOW RD,23.368396137439724,11.684198068719862,11.684198068719862,2492433.572832
000000000005882,7,G,24820.0,False,313.76,True,2007,01,01,I-95 SB,ROBIN HOLLOW RD,23.368396137439724,11.684198068719862,11.684198068719862,2492433.572832
000000000005895,7,G,7203.0,False,2059.71,False,2019,02,01,RI 102 VICTORY HWY,I-95 NB AND SB,20.511721828798006,10.255860914399003,10.255860914399003,8469135.763158001
000000000005900,5,F,500.0,False,918.5,False,1969,09,01,AUSTIN FARM RD,I-95 NB AND SB,28.711477557171843,7.177869389292961,21.53360816787888,3776697.3013
000000000005910,7,G,21515.0,False,374.85,True,1968,01,01,I-95 NB,RI 165 TEN ROD RD,23.03841901280909,11.519209506404545,11.519209506404545,2977717.76127
000000000005912,7,G,21515.0,False,374.85,True,1968,01,01,I-95 SB,RI 165 TEN ROD RD,23.03841901280909,11.519209506404545,11.519209506404545,2977717.76127
000000000005925,7,G,22977.0,False,193.37,True,2017,01,01,I-95 NB,TEFFT HILL TRAIL,23.1902304481321,11.59511522406605,11.59511522406605,1536084.5231340001
000000000005927,7,G,26973.0,False,178.73,True,2017,01,01,I-95 SB,TEFFT HILL TRAIL,23.560487885190216,11.780243942595108,11.780243942595108,1419787.903086
000000000005935,7,G,43029.0,False,822.88,True,2019,01,01,I-95 NB & SB,ROUTE 3,24.63896639665245,12.319483198326225,12.319483198326225,6536759.747616
000000000005940,3,P,1000.0,False,46.44,False,1935,19,04,GROTTO AV,MOSHASSUCK RIVER,47.86226308267222,7.977043847112037,39.885219235560186,190952.447112
000000000005970,5,F,15453.0,False,940.5,False,1971,16,01,NORTH BROADWAY,RAMP (SEEKONK RVR CRSS),44.54843817506472,11.13710954376618,33.41132863129854,3867157.1169
000000000006005,6,F,20900.0,False,6870.78,False,2023,16,01,SEEKONK RIVER CROS,SEEKONK RIVER & CITY STS,34.457176411621944,11.485725470540647,22.971450941081297,28251340.537644
000000000006010,6,F,57.0,False,104.86,False,1996,19,03,LOOP DRIVE,WICKFORD COVE,14.064907339368112,4.688302446456037,9.376604892912075,431164.375628
000000000006025,7,G,63400.0,False,1222.98,True,2019,12,01,US 6 EB & WB,US 6A HARTFORD AV,25.53399289674323,12.766996448371614,12.766996448371614,9715057.403436
000000000006045,7,G,59930.0,False,1029.42,True,2019,12,01,US 6 EB & WB,WOONASQUATUCKET RIVER,25.404014693657057,12.702007346828529,12.702007346828529,8177463.566244
000000000006050,5,F,57900.0,False,1009.36,True,1969,12,01,US 6 EB & WB,WOONASQUATUCKET RIVER,50.64887890876418,12.662219727191045,37.98665918157314,8018111.776752001
000000000006065,7,G,13294.0,False,619.52,False,2021,16,01,GLENBRIDGE AV,US 6,21.926722510059076,10.963361255029538,10.963361255029538,2547348.4072959996
000000000006070,4,P,59930.0,False,1371.6,True,1969,12,01,US 6 EB & WB,RI 128 KILLINGLY ST,63.51003673414265,12.702007346828529,50.80802938731412,10895658.747119999
000000000006080,4,P,7504.0,False,954.18,False,1969,16,01,US 6A HARTFRD AV,US 6,51.51561679288762,10.303123358577523,41.2124934343101,3923406.6749639995
000000000006090,4,P,53619.0,False,1372.56,True,1969,12,01,US 6 EB & WB,US 6A HARTFORD AV RAMP,62.86764906957956,12.57352981391591,50.294119255663645,10903284.754991999
000000000006110,6,F,31024.0,False,597.3,True,1971,12,01,US 6 EB,RI 5 ATWOOD AV,35.82539823259552,11.941799410865173,23.883598821730345,4744806.772859999
000000000006112,6,F,16025.0,False,597.3,True,1971,12,01,US 6 WB,RI 5 ATWOOD AV,33.53722191424513,11.179073971415043,22.358147942830087,4744806.772859999
000000000006160,5,F,6487.0,False,539.72,False,1968,19,01,GLENHILLS DRIVE,RI 37 EB & WB,40.53996794473867,10.134991986184668,30.404975958554004,2219225.985256
000000000006180,6,F,163.0,False,578.6,False,1965,19,01,SERVICE AV,I-95 NB & SB,17.665350446785098,5.888450148928366,11.77690029785673,2379093.15028
000000000006190,4,P,146680.0,False,2177.28,True,1966,11,01,I-95 NB & SB,JEFFERSON BLVD,68.67738094621329,13.735476189242657,54.94190475697063,17295785.853696
000000000006200,6,F,2500.0,False,307.5,True,1968,11,01,RAMP E-N,I-295 SB,27.102980318613067,9.034326772871022,18.068653545742045,2442705.6465
000000000006210,4,P,30528.0,False,804.31,True,1968,12,01,RI 37 EB & WB,CRANSTON ST,59.615955491329174,11.923191098265834,47.69276439306334,6389244.157841999
000000000006215,7,G,30528.0,False,293.46,True,2024,12,01,RI 37 EB,CRANSTON ST,23.846382196531668,11.923191098265834,11.923191098265834,2331175.281372
000000000006225,7,G,30529.0,False,470.05,True,2024,12,01,RI 37EB&WB RAMP WN,WASH SEC BIKE PATH,23.846457836703237,11.923228918351619,11.923228918351619,3733963.5419099997
000000000006230,5,F,45055.0,False,1001.66,True,1968,12,01,RI 37 EB & WB,RI 5 OAKLAWN AV,49.49042418455211,12.372606046138028,37.11781813841408,7956944.8386119995
000000000006240,4,P,47871.0,False,917.09,True,1965,14,01,RI 37 EB & WB,RI 2 NEW LONDON AV,62.213024753503575,12.442604950700714,49.77041980280286,7285141.207637999
000000000006250,5,F,39400.0,False,1016.71,True,1965,12,01,RI 37 EB & WB,POWER ROAD,48.87101244897657,12.217753112244143,36.65325933673243,8076498.399522
000000000006260,6,F,34000.0,False,327.36,True,1965,12,01,RI 37 EB & WB,PONTIAC BRANCH RR,36.14267833148566,12.047559443828554,24.095118887657108,2600468.6843520002
000000000006275,7,G,54128.0,False,449.28,True,2022,12,01,RI 37 EB,PONTIAC AV,25.168877377636957,12.584438688818478,12.584438688818478,3568971.684095999
000000000006277,8,G,54128.0,False,449.28,True,2022,12,01,RI 37 WB,PONTIAC AV,12.584438688818478,12.584438688818478,0.0,3568971.684095999
000000000006285,7,G,36090.0,False,912.05,True,2023,12,01,RI 37 EB,PAWTUXET RIVER,24.232874337048717,12.116437168524358,12.116437168524358,7245104.666309999
000000000006295,7,G,37200.0,False,959.3,True,2022,12,01,RI 37 WB,PAWTUXET RIVER,24.302826606064716,12.151413303032358,12.151413303032358,7620447.24126
000000000006300,6,F,33046.0,False,247.97,True,1966,12,01,RI 37 EB,RAMP A,36.04409912695829,12.014699708986095,24.029399417972193,1969813.7208540002
000000000006310,5,F,20700.0,False,308.43,True,1966,12,01,RI 37 WB,RAMP B,45.89849489387897,11.474623723469742,34.42387117040923,2450093.341626
000000000006320,5,F,33046.0,False,1850.88,True,1964,12,01,RI 37 EB,I-95 NB & SB,48.05879883594438,12.014699708986095,36.04409912695829,14702943.177216
000000000006330,5,F,25000.0,False,1052.16,False,1966,12,01,RI 37 WB,I-95 NB & SB,46.77016452005086,11.692541130012716,35.07762339003815,4326281.799168
000000000006340,5,F,47277.0,False,683.82,False,1966,12,01,RI 37 EB,JEFFERSON BLVD,49.71275437975643,12.428188594939108,37.284565784817325,2811737.777436
000000000006355,8,G,32400.0,False,422.17,False,2022,12,01,RI 37 WB,JEFFERSON BLVD,11.991905609492996,11.991905609492996,0.0,1735882.7432660002
000000000006360,4,P,47277.0,False,772.8,False,1963,12,01,RI 37 EB,AMTRAK,62.14094297469555,12.428188594939108,49.71275437975644,3177606.6134399995
000000000006370,3,P,25765.0,False,804.72,False,1963,12,01,RI 37 WB,AMTRAK,70.3640495507742,11.7273415917957,58.6367079589785,3308855.582256
000000000006380,4,P,46000.0,False,1592.85,False,1965,12,01,RI 37 EB & WB,US 1 POST RD,61.98286318451631,12.396572636903262,49.586290547613046,6549496.239929999
000000000006390,5,F,15400.0,False,885.78,False,1966,11,01,AIRPORT CONNECTOR,I-95 NB & SB,44.53257160937215,11.133142902343037,33.39942870702911,3642158.884644
000000000006420,5,F,19516.0,False,596.3,False,1964,12,01,RI 24 NB,BOYDS LANE,45.62648234888642,11.406620587221605,34.219861761664816,2451872.18374
000000000006422,5,F,19516.0,False,596.3,False,1964,12,01,RI 24 SB,BOYDS LANE,45.62648234888642,11.406620587221605,34.219861761664816,2451872.18374
000000000006440,6,F,3969.0,False,655.59,False,1964,16,01,SPRAGUE ST,RI 24,28.70355647987183,9.567852159957276,19.135704319914552,2695661.386782
000000000006450,6,F,19516.0,False,932.33,True,1964,12,01,RI 24 NB,TURNPIKE AV,34.219861761664816,11.406620587221605,22.813241174443213,7406204.082606
000000000006452,5,F,19516.0,False,932.33,False,1964,12,01,RI 24 SB,TURNPIKE AV,45.62648234888642,11.406620587221605,34.219861761664816,3833563.6308339997
000000000006460,5,F,19516.0,False,469.82,True,1964,12,01,RI 24 NB,FREEBORN ST,45.62648234888642,11.406620587221605,34.219861761664816,3732136.4775239998
000000000006462,5,F,19516.0,False,474.81,True,1964,12,01,RI 24 SB,FREEBORN ST,45.62648234888642,11.406620587221605,34.219861761664816,3771775.830942
000000000006470,5,F,18100.0,False,204.48,False,1964,12,01,RI 24 RAMP C,RAMP B,45.278621957840684,11.319655489460171,33.95896646838051,840782.8679039999
000000000006480,7,G,12522.0,False,969.15,False,2007,16,01,RI 138 MAIN RD,RI 24,21.788580305713072,10.894290152856536,10.894290152856536,3984960.4676699997
000000000006490,5,F,16298.0,False,358.94,True,1968,12,01,RI 24 NB,EIGHT ROD WAY-FISH RD,44.794308822507844,11.198577205626961,33.59573161688088,2851332.5683079995
000000000006492,5,F,16928.0,False,358.94,True,1968,12,01,RI 24 SB,EIGHT ROD WAY-FISH RD,44.9694630338446,11.24236575846115,33.72709727538345,2851332.5683079995
000000000006500,6,F,16774.0,False,352.39,True,1968,12,01,RI 24 NB,EAGLEVILLE RD,33.6954427541977,11.231814251399232,22.463628502798468,2799300.952098
000000000006502,6,F,16774.0,False,352.39,True,1968,12,01,RI 24 SB,EAGLEVILLE RD,33.6954427541977,11.231814251399232,22.463628502798468,2799300.952098
000000000006510,5,F,153626.0,False,868.0,True,1958,11,01,I-95 NB & SB,PUBLIC ST,55.155591475275756,13.788897868818939,41.36669360645682,6895182.1175999995
000000000006520,5,F,149300.0,False,827.82,True,1962,11,01,I-95 N&S & RAMP WS,OCONNELL ST,55.0236720316054,13.75591800790135,41.26775402370405,6576001.913124
000000000006535,6,F,151000.0,False,677.44,True,2019,11,01,I-95 N&S & RAMP WS,OXFORD ST,41.30697232581007,13.768990775270023,27.53798155054005,5381419.555008001
000000000006540,5,F,5800.0,False,485.52,True,1964,11,01,I-95 RAMP BR-7,US 1A ALLENS AV,40.023045467858644,10.005761366964661,30.01728410089398,3856853.481264
000000000006550,4,P,156790.0,False,1918.28,True,1963,11,01,I-95 NB & SB,THURBERS AV,69.06218131074961,13.81243626214992,55.24974504859969,15238352.479895998
000000000006560,4,P,13289.0,False,963.8,False,1964,16,01,EDDY ST,I-95 & P&W RR,54.81463469658373,10.962926939316745,43.851707757266986,3962962.2852399996
000000000006570,5,F,12152.0,False,1455.0,False,1964,14,01,BROAD ST,I-95 NB & SB & P&W RR,43.438647239632665,10.859661809908166,32.5789854297245,5982683.259000001
000000000006580,4,P,139026.0,False,1016.16,True,1964,11,01,I-95 NB & SB,NARR ELEC CO SIDING,68.36798673377785,13.67359734675557,54.694389387022284,8072129.332512
000000000006595,7,G,64766.0,False,749.05,True,2024,11,01,I-95 NB,US 1 ELMWOOD AV,25.583218350620673,12.791609175310336,12.791609175310336,5950272.079709999
000000000006597,7,G,64766.0,False,749.05,True,2024,11,01,I-95 SB,US 1 ELMWOOD AV,25.583218350620673,12.791609175310336,12.791609175310336,5950272.079709999
000000000006600,4,P,129532.0,False,4050.99,True,1964,11,01,I-95 NB & SB,AMTRAK,67.95963809221382,13.591927618442764,54.367710473771055,32180085.030617997
000000000006615,7,G,134500.0,False,1120.66,True,2023,11,01,I-95 NB,WELLINGTON AV,27.270766324331714,13.635383162165857,13.635383162165857,8902252.064412002
000000000006617,7,G,134500.0,False,1174.45,True,2023,11,01,I-95 SB,WELLINGTON AV,27.270766324331714,13.635383162165857,13.635383162165857,9329546.81799
000000000006620,4,P,7776.0,False,771.69,True,1965,11,01,I-95 RAMP CB,WELLINGTON AV & AMTRAK,51.721147528616186,10.344229505723236,41.37691802289295,6130118.765358001
000000000006630,5,F,6432.0,False,928.29,True,1965,11,01,I-95 RAMP B-EL,WELLINGTON AV & AMTRAK,40.50064904339271,10.125162260848178,30.375486782544534,7374111.299477999
000000000006640,5,F,14647.0,False,632.58,False,1965,11,01,RI 10 RAMP BC,I-95 NB & SB,44.30105184513275,11.075262961283187,33.22578888384956,2601048.643284
000000000006650,4,P,26754.0,False,6828.48,True,1965,12,01,RI 10 HUNTNGTN EXP,I-95 NB & SB  AMTRAK,58.85415667439307,11.770831334878611,47.08332533951446,54243793.99353599
000000000006660,6,F,11712.0,False,625.53,False,1965,11,01,RI 10 RAMP DB,I-95 NB & SB,32.45124872625693,10.81708290875231,21.634165817504616,2572060.3841939997
000000000006670,4,P,28420.0,False,1321.65,False,1965,12,01,RI 10 HUNTNGTN EXP,US 1 ELMWOOD AV,59.20289447065048,11.840578894130095,47.36231557652038,5434373.42217
000000000006680,4,P,10682.0,False,697.13,False,1966,16,01,PONTIAC AV,RI 10 HUNTINGTON EXPRESS,53.554022017474466,10.710804403494892,42.843217613979576,2866465.965874
000000000006700,7,G,9300.0,False,500.5,False,1965,14,01,RI 102 BRONCO HWY,PASCOAG RIVER,21.101703396421478,10.550851698210739,10.550851698210739,2057960.8048999999
000000000006715,7,G,14800.0,False,269.7,False,2024,14,01,RI 102 BRONCO HWY,WHIPPLE AV,22.174521266483875,11.087260633241938,11.087260633241938,1108955.1030599999
000000000006720,4,P,15976.0,False,890.12,False,1967,14,01,RI 102 BRONCO HWY,BRANCH RVR & JOSLIN RD,55.87769125464902,11.175538250929803,44.70215300371922,3660004.1391759994
000000000006735,7,G,15500.0,False,1001.95,False,2022,14,01,RI 102 BRONCO HWY,BRANCH RIVER,22.281231534273463,11.140615767136731,11.140615767136731,4119827.8291100003
000000000006740,5,F,10926.0,True,534.3,False,1966,19,01,TEMPLE AV,RI 10 HUNTINGTON EXPRESS,42.94751794925646,10.736879487314114,32.210638461942345,2196939.97614
000000000006750,5,F,15288.0,False,850.68,False,1966,14,01,RI 12 PARK AV,RI 10 NORTH  RAMP LANE,44.498861881203325,11.124715470300831,33.3741464109025,3497834.3606639993
000000000006760,6,F,10900.0,False,846.0,False,1965,14,01,RI 12 PARK AV,I-95 NB & SB,32.20238657897706,10.734128859659021,21.46825771931804,3478591.0907999994
000000000006770,5,F,1500.0,False,771.12,False,1965,19,01,LAURENS ST,I-95 NB & SB,33.779283134167514,8.444820783541878,25.334462350625635,3170698.772976
000000000006780,5,F,3500.0,False,764.32,False,1965,19,01,MILFORD ST,I-95 NB & SB,37.6907809204898,9.42269523012245,28.26808569036735,3142738.4663360002
000000000006800,5,F,145445.0,False,1231.92,True,1964,11,01,I-95 NB & SB,PAWTUXET RIVER,54.90285394806035,13.725713487015087,41.17714046104526,9786074.601744
000000000006810,6,F,19320.0,False,1209.6,False,1965,14,01,RI 5 GREENWICH AV,I-95 NB & SB,34.1848997549018,11.394966584967266,22.789933169934535,4973645.134079999
000000000006820,4,P,24950.0,False,1899.71,False,1965,14,01,RI 113 EAST AV,I-95 NB & SB,58.45114826803215,11.690229653606428,46.76091861442572,7811246.195158
000000000006835,6,F,170700.0,False,1366.8,True,2020,11,01,I-95 NB & SB,RI 115 TOLL GATE ROAD,41.73173824212783,13.910579414042608,27.821158828085224,10857528.707759999
000000000006845,7,G,160000.0,False,2506.4,True,2020,11,01,I-95 NB & SB,RI 117 CENTERVILLE RD,27.67167274309829,13.835836371549146,13.835836371549146,19910235.55248
000000000006850,4,P,7979.0,False,780.8,False,1965,16,01,COWESETT RD,I-95 NB & SB,51.869908406739974,10.373981681347994,41.49592672539198,3210501.0918399994
000000000006860,6,F,75370.0,False,340.6,True,1965,11,01,I-95 NB,RI 4 SOUTH CNTY FWY RAMP,38.90004382781855,12.966681275939514,25.933362551879036,2705644.0429200004
000000000006870,4,P,1690.0,False,269.5,False,1913,19,04,HARRISON AV,P&W RR,42.91219609833124,8.582439219666247,34.329756878664995,1108132.7411
000000000006880,6,F,1860.0,False,89.06,False,1930,19,04,MILL ST,PETERS RIVER,26.07913673208786,8.69304557736262,17.386091154725243,366197.780788
000000000006890,5,F,1595.0,False,566.28,False,1958,19,04,SAYLES ST,BLACKSTONE RIVER,34.0627164252494,8.51567910631235,25.54703731893705,2328435.653544
000000000006910,6,F,6921.0,False,269.04,False,1962,16,01,RI 120 NT WHPL HWY,ABBOTT RUN,30.629263991476897,10.209754663825631,20.419509327651266,1106241.308592
000000000006920,6,F,7380.0,False,121.8,False,1961,16,01,RI 120 NT WHPL HWY,ASH SWAMP BROOK,30.85166059488805,10.283886864962682,20.567773729925367,500818.43363999994
000000000006970,4,P,3704.0,False,3806.01,False,1965,17,04,GOAT ISL CAUSEWAY,NEWPORT HARBOR,47.44043580956218,9.488087161912436,37.95234864764974,15649589.216898
000000000007015,5,F,30299.0,False,1123.5,False,2023,14,01,US 44 SMITH ST,I-95 NB & SB,47.65799004111106,11.914497510277766,35.743492530833294,4619618.3103
000000000007020,5,F,16565.0,False,1705.63,False,1964,14,01,ORMS ST,I-95 NB & SB,44.86935340883261,11.217338352208152,33.65201505662446,7013226.149174
000000000007035,8,G,38900.0,False,1016.26,True,2022,12,01,RI 146 LSQSST PK,I-95 NB & SB,12.203007077627266,12.203007077627266,0.0,8072923.708331999
000000000007040,5,F,10228.0,False,369.2,False,1983,16,04,PARK ST,WOONASQUATUCKET RIVER,42.64265004247289,10.660662510618222,31.981987531854664,1518080.17816
000000000007050,5,F,4502.0,False,256.1,False,1987,17,04,ACORN ST,WOONASQUATUCKET RIVER,38.85323852996187,9.713309632490468,29.139928897471403,1053034.48978
000000000007060,5,F,144909.0,False,999.97,True,1963,11,01,I-95 NB & SB,AMTRAK & P&W RR,54.885802287986685,13.721450571996671,41.164351715990016,7943519.887254
000000000007070,5,F,144909.0,False,999.97,True,1963,11,01,I-95 NB & SB,RI 246 EB (ASHBURTON ST),54.885802287986685,13.721450571996671,41.164351715990016,7943519.887254
000000000007080,5,F,144909.0,False,999.97,True,1963,11,01,I-95 NB & SB,RI 246 WB(CHARLES ST),54.885802287986685,13.721450571996671,41.164351715990016,7943519.887254
000000000007090,5,F,4545.0,False,1034.88,False,1965,17,01,INDUSTRIAL DRIVE,I-95 NB & SB,38.8971323445159,9.724283086128976,29.172849258386925,4255229.725824
000000000007100,5,F,8600.0,False,354.09,True,1965,11,01,I-95 RAMP BR-2,MOSHASSUCK RIVER,41.84203840333527,10.460509600833818,31.381528802501457,2812805.341038
000000000007120,6,F,18200.0,False,1251.84,False,1965,16,01,BRANCH AV,I-95 NB & SB,33.97805023064237,11.326016743547456,22.65203348709491,5147327.980032
000000000007130,5,F,13535.0,False,1727.88,False,1965,14,01,RI 126 SMTHFLD AV,I-95 NB & SB,43.93641558586229,10.984103896465573,32.95231168939672,7104713.917224
000000000007140,5,F,13535.0,False,889.44,False,1964,14,01,RI 126 SMTHFLD AV,CONCORD ST,43.93641558586229,10.984103896465573,32.95231168939672,3657208.1085120006
000000000007150,6,F,122850.0,False,237.18,True,1964,11,01,I-95 NB & SB,WEST RIVER,40.592323607745605,13.530774535915203,27.061549071830402,1884100.5698759998
000000000007160,6,F,172200.0,False,101.12,False,1964,11,01,I-95 N  SERVICE RD,MOSHASSUCK RIVER,41.762043463631365,13.920681154543788,27.84136230908758,415786.20697600004
000000000007170,7,G,7190.0,False,71.76,False,1964,17,01,CEMETERY ST,MOSHASSUCK RIVER,20.50755088830597,10.253775444152986,10.253775444152986,295063.471248
000000000007180,7,G,13535.0,False,105.86,False,1964,14,01,RI 126 SMTHFLD AV,MOSHASSUCK RIVER,21.968207792931146,10.984103896465573,10.984103896465573,435276.18542799994
000000000007190,5,F,17000.0,False,813.51,True,1966,11,01,I-295 NB,I-95 SOUTHBOUND,44.98906418044509,11.247266045111273,33.741798135333816,6462326.733281999
000000000007200,3,P,25800.0,False,2533.54,False,1966,14,01,RI 113 EAST AV,I-295 NB & SB,70.37345370389896,11.728908950649826,58.644544753249136,10417434.600691998
000000000007210,5,F,18544.0,False,819.0,True,1966,11,01,I-295 NB,PAWTUXET RIVER,45.39054250720265,11.347635626800663,34.042906880401986,6505937.965799999
000000000007212,5,F,18544.0,False,719.19,True,1966,11,01,I-295 SB,PAWTUXET RIVER,45.39054250720265,11.347635626800663,34.042906880401986,5713071.459858
000000000007220,4,P,49300.0,False,961.74,True,1967,11,01,I-295 NB,RI 2 BALD HILL RD,62.382833528406834,12.476566705681366,49.90626682272547,7639830.011268
000000000007222,5,F,18544.0,False,916.53,True,1967,11,01,I-295 SB,RI 2 BALD HILL RD,45.39054250720265,11.347635626800663,34.042906880401986,7280692.703046
000000000007230,5,F,10800.0,False,939.6,True,1966,11,01,I-295 RAMP,PAWTUXET RIVER,42.89395211799004,10.72348802949751,32.17046408849253,7463955.20472
000000000007240,3,P,2700.0,False,318.66,False,1967,19,01,COLT DRIVE,MILL GUT TIDAL INLET,54.738923829653544,9.123153971608923,45.61576985804462,1310269.3108680001
000000000007250,4,P,22473.0,False,1340.13,True,1968,11,01,I-295 NB,WASH SEC BIKE W NATIC RD,57.847538515732175,11.569507703146433,46.27803081258574,10645668.676566
000000000007252,5,F,22473.0,False,1340.13,True,1968,11,01,I-295 SB,WASH SEC BIKE W NATIC RD,46.27803081258573,11.569507703146433,34.7085231094393,10645668.676566
000000000007265,7,G,8800.0,False,1098.54,False,2024,16,01,RI 33 PROVIDNCE ST,I-295 NB & SB,20.97410179678069,10.487050898390345,10.487050898390345,4516987.537692
000000000007270,5,F,22473.0,False,306.86,True,1968,11,01,I-295 NB,WILBUR AV,46.27803081258573,11.569507703146433,34.7085231094393,2437621.641252
000000000007272,5,F,22473.0,False,318.92,True,1968,11,01,I-295 SB,WILBUR AV,46.27803081258573,11.569507703146433,34.7085231094393,2533423.365144
000000000007285,8,G,27900.0,False,514.6,True,2024,12,01,RI 37 EB & WB,I-295 NB,11.819257784037731,11.819257784037731,0.0,4087857.96972
000000000007290,4,P,11658.0,False,662.02,False,1968,16,01,RI 51 PHENIX AV,I-295 NB,54.05873730620206,10.811747461240412,43.24698984496165,2722100.323796
000000000007292,5,F,11658.0,False,467.68,False,1968,16,01,RI 51 PHENIX AV,I-295 SB,43.24698984496165,10.811747461240412,32.43524238372123,1923011.207264
000000000007305,7,G,40365.0,False,1191.16,True,2019,11,01,I-295 NB & SB,WATER SUPPLY AQUADUCT,24.49138249813162,12.24569124906581,12.24569124906581,9462287.017512
000000000007310,4,P,9841.0,False,1055.24,False,1969,16,01,RI 12 SCITUATE AV,I-295 NB & SB,53.08065471683653,10.616130943367304,42.464523773469224,4338946.173352
000000000007325,7,G,41125.0,False,661.98,True,2020,11,01,I-295 NB,RI 14 PLAINFIELD PIKE,24.534456319214136,12.267228159607068,12.267228159607068,5258609.053236
000000000007327,7,G,42300.0,False,523.6,True,2020,11,01,I-295 SB,RI 14 PLAINFIELD PIKE,24.59950854353182,12.29975427176591,12.29975427176591,4159351.79352
000000000007340,6,F,4536.0,False,373.66,False,1969,16,01,SCITUATE AV,I-295 NB,29.165984791901934,9.721994930633977,19.44398986126796,1536418.849868
000000000007342,5,F,4536.0,False,373.66,False,1969,16,01,SCITUATE AV,I-295 SB,38.88797972253591,9.721994930633977,29.165984791901934,1536418.849868
000000000007350,5,F,39612.0,False,379.49,True,1969,11,01,I-295 NB,CENTRAL PIKE,48.89579608619133,12.223949021547833,36.6718470646435,3014576.7993179997
000000000007352,6,F,39612.0,False,393.19,True,1969,11,01,I-295 SB,CENTRAL PIKE,36.671847064643494,12.223949021547833,24.447898043095663,3123406.2866579997
000000000007375,6,F,45140.0,False,1795.69,True,2020,11,01,I-295 NB,US 6,37.12434674370954,12.374782247903179,24.74956449580636,14264527.162158001
000000000007377,6,F,45140.0,False,1795.69,True,2019,11,01,I-295 SB,US 6,37.12434674370954,12.374782247903179,24.74956449580636,14264527.162158001
000000000007405,7,G,78700.0,False,514.5,True,2020,11,01,I-295 NB,RI 5 GREENVILLE AV,26.033199280996016,13.016599640498008,13.016599640498008,4087063.5938999997
000000000007407,7,G,78700.0,False,521.5,True,2020,11,01,I-295 SB,RI 5 GREENVILLE AV,26.033199280996016,13.016599640498008,13.016599640498008,4142669.9013
000000000007410,6,F,37105.0,False,2327.04,False,1971,14,01,US 44 PUTNAM PIKE,I-295 NB & SB,36.44538289031521,12.148460963438405,24.296921926876806,9568345.876992
000000000007420,6,F,26447.0,False,372.75,True,1971,11,01,I-295 NB,MOUNTAINDALE RD,35.27251789518753,11.75750596506251,23.515011930125016,2961035.86905
000000000007422,6,F,26447.0,False,351.75,True,1971,11,01,I-295 SB,MOUNTAINDALE RD,35.27251789518753,11.75750596506251,23.515011930125016,2794216.94685
000000000007430,5,F,5070.0,False,702.27,False,1974,16,01,RI 104 FARNUM PIKE,I-295 NB,39.401891094137866,9.850472773534467,29.5514183206034,2887600.6682459996
000000000007432,5,F,5070.0,False,665.55,False,1974,16,01,RI 104 FARNUM PIKE,I-295 SB,39.401891094137866,9.850472773534467,29.5514183206034,2736615.01239
000000000007440,6,F,1900.0,False,347.7,True,1973,11,01,I-295 NB & SB,WOONASQUATUCKET RIVER,26.152800006297266,8.71760000209909,17.435200004198176,2762044.72614
000000000007450,5,F,8922.0,False,416.5,True,1970,11,01,I-295 NB,STILLWATER RD,42.01178602573079,10.502946506432698,31.508839519298093,3308575.2903
000000000007452,5,F,26447.0,False,416.5,True,1970,11,01,I-295 SB,STILLWATER RD,47.03002386025004,11.75750596506251,35.272517895187534,3308575.2903
000000000007460,5,F,22467.0,False,951.42,False,1971,14,01,RI 7 DOUGLAS PIKE,I-295 SB,46.27679761960024,11.56919940490006,34.70759821470018,3912058.0799159994
000000000007462,4,P,22467.0,False,930.21,False,1971,14,01,RI 7 DOUGLAS PIKE,I-295 NB,57.845997024500306,11.56919940490006,46.276797619600245,3824846.594058
000000000007470,5,F,13988.0,False,1529.12,False,1967,14,01,RI 116 G WASH HWY,I-295 NB & SB,44.088450130569214,11.022112532642304,33.06633759792691,6287450.601376
000000000007480,4,P,27992.0,False,398.84,True,1969,11,01,I-295 NB,RI 146 EDDIE DOWLING HWY,59.11529380449546,11.823058760899091,47.292235043596364,3168288.5204879995
000000000007485,7,G,22300.0,False,1027.04,True,2024,11,01,I-295 NB,RI 146 EDDIE DOWLING HWY,23.121170475733933,11.560585237866967,11.560585237866967,8158557.421727999
000000000007487,7,G,22300.0,False,1050.62,True,2024,11,01,I-295 SB,RI 146 EDDIE DOWLING HWY,23.121170475733933,11.560585237866967,11.560585237866967,8345871.240083999
000000000007490,5,F,45700.0,False,1682.66,False,1969,16,01,RI 126 OLD RIVERRD,I-295 NB & SB,49.55607181926222,12.389017954815555,37.167053864446665,6918777.878067999
000000000007500,5,F,14400.0,False,3124.28,True,1964,11,01,I-295 NB,BLACKSTONE RIVER  P&W RR,44.22250867583028,11.05562716895757,33.166881506872706,24818524.869096
000000000007502,5,F,14400.0,False,3124.28,True,1964,11,01,I-295 SB,BLACKSTONE RIVER  P&W RR,44.22250867583028,11.05562716895757,33.166881506872706,24818524.869096
000000000007510,4,P,22300.0,False,640.92,False,1965,14,01,RI 122 MENDON RD,I-295 NB & SB,57.80292618933483,11.560585237866967,46.24234095146787,2635341.1370159998
000000000007515,7,G,22300.0,False,635.04,False,2024,14,01,RI 122 MENDON  NB,I-295 NB & SB,23.121170475733933,11.560585237866967,11.560585237866967,2611163.695392
000000000007525,8,G,28300.0,False,424.08,True,2019,11,01,I-295 NB,SCOTT RD,11.835693466825951,11.835693466825951,0.0,3368788.977456
000000000007527,8,G,25300.0,False,424.08,True,2019,11,01,I-295 SB,SCOTT RD,11.706313647989889,11.706313647989889,0.0,3368788.977456
000000000007535,8,G,30200.0,False,424.08,True,2019,11,01,I-295 NB,LEIGH RD,11.910718785807086,11.910718785807086,0.0,3368788.977456
000000000007537,8,G,32560.0,False,424.08,True,2019,11,01,I-295 SB,LEIGH RD,11.997593270063149,11.997593270063149,0.0,3368788.977456
000000000007540,4,P,17455.0,False,1562.0,False,1963,14,01,RI 114 DMND HLL RD,I-295 NB & SB,56.3888061865754,11.27776123731508,45.11104494926032,6422646.9076000005
000000000007550,5,F,26200.0,False,651.51,True,1965,11,01,I-295 NB,ABBOTT RUN VALLEY RD,46.986688520980444,11.746672130245111,35.240016390735335,5175437.904882
000000000007552,4,P,25800.0,False,666.9,True,1965,11,01,I-295 SB,ABBOTT RUN VALLEY RD,58.644544753249136,11.728908950649826,46.91563580259931,5297692.343579999
000000000007560,6,F,46200.0,False,658.92,True,1965,11,01,I-295 NB & SB,ABBOTT RUN RIVER,37.20474530863756,12.401581769545857,24.803163539091706,5234301.153144
000000000007575,7,G,93250.0,False,1361.6,True,2020,11,01,I-295 NB,US 6A HARTFORD PIKE,26.424939080790132,13.212469540395066,13.212469540395066,10816221.165119998
000000000007577,7,G,180.0,False,1809.4,True,2020,11,01,I-295 SB,US 6A HARTFORD PIKE,12.004663671562394,6.002331835781197,6.002331835781197,14373436.087079998
000000000007580,6,F,2955.0,False,263.16,False,1948,17,04,GARDEN CITY DR,POCASSET RIVER,27.681956045030446,9.227318681676817,18.45463736335363,1082063.866968
000000000007605,7,G,13940.0,False,1657.15,False,2022,14,01,RI 401 DIVISION ST,RI 4,22.03628776297332,11.01814388148666,11.01814388148666,6813885.61007
000000000007610,5,F,7300.0,False,936.96,False,1969,16,01,MIDDLE RD,RI 4,41.08521579992389,10.271303949980972,30.813911849942915,3852601.310208
000000000007630,4,P,13423.0,False,2709.7,False,1973,16,01,RI 402 FRNCHTWN RD,RAMP 4E TO RI 402 RI 4,54.87255245171417,10.974510490342833,43.898041961371334,11141771.015059998
000000000007640,6,F,64000.0,False,275.6,False,1970,12,01,RI 4 NB & SB,FRENCHTOWN BROOK,38.33361593373233,12.77787197791078,25.555743955821555,1133214.7808800002
000000000007660,5,F,13423.0,False,2529.54,False,1973,16,01,RI 2 SO COUNTY TR,RI 4,43.898041961371334,10.974510490342833,32.9235314710285,10400987.361491999
000000000007670,6,F,561.0,False,632.5,False,1983,08,01,SOUTH RD,RI 4,21.931593820303053,7.310531273434351,14.621062546868703,2600719.6985
000000000007680,5,F,63500.0,False,1131.55,False,1988,12,01,RI 4 NB & SB,STONY LANE SCRBBLTWN BRK,51.07526466094539,12.768816165236348,38.30644849570905,4652718.37919
000000000007690,7,G,2958.0,False,597.24,False,1810,17,03,MARTIN ST,BLACKSTONE RIVER,18.45697980475588,9.22848990237794,9.22848990237794,2455737.2849520002
000000000007700,6,F,8105.0,False,623.56,False,1967,17,01,METRO CENTER DRIVE,AIRPORT CONNECTOR,31.176210669692555,10.392070223230851,20.784140446461706,2563960.1188879996
000000000007710,5,F,52000.0,False,694.3,False,1967,12,01,AIRPORT CONNECTOR,JEFFERSON BLVD,50.152519410226006,12.538129852556501,37.614389557669504,2854829.54414
000000000007720,5,F,42100.0,False,891.59,True,1967,12,01,AIRPORT CONNECTOR,AMTRAK,49.17712887645323,12.294282219113308,36.882846657339925,7082575.3735380005
000000000007730,5,F,42100.0,False,542.7,True,1968,12,01,AIRPORT CONNECTOR,US 1 POST RD,49.17712887645323,12.294282219113308,36.882846657339925,4311077.57514
000000000007740,7,G,2958.0,False,447.44,False,1900,17,03,MARTIN ST,BLACKSTONE CANAL,18.45697980475588,9.22848990237794,9.22848990237794,1839788.1769119997
000000000007750,6,F,7777.0,False,1605.18,False,1977,16,01,ATWELLS AV,US 6 CONNECTOR & AMTRAK,31.033133889709895,10.344377963236633,20.688755926473263,6600194.854764
000000000007760,4,P,31112.0,False,3920.84,False,1972,16,01,DEAN ST,US 6 HARRIS AV & AMTRAK,59.72534894191605,11.945069788383211,47.780279153532845,16121748.336232
000000000007775,6,F,30750.0,False,790.0,False,2016,16,01,DEAN ST,WOONASQUATUCKET RIVER,35.7946707431585,11.931556914386166,23.863113828772335,3248329.742
000000000007785,7,G,4000.0,False,497.04,False,2020,16,01,BATH STREET,WOONASQUATUCKET RIVER,19.153666260968784,9.576833130484392,9.576833130484392,2043733.9429920001
000000000007800,6,F,56311.0,False,1256.85,False,1988,12,01,RI 4 COL RODMAN HY,RI 102 VICTORY HWY,37.89026965821192,12.630089886070643,25.260179772141278,5167928.1471299995
000000000007815,7,G,64455.0,False,649.89,False,2019,12,01,RI 4 NB & SB,LAFAYETTE RD,25.572102988886076,12.786051494443038,12.786051494443038,2672224.070922
000000000007820,5,F,730.0,False,318.92,False,1966,08,01,GLEANER CHAPEL RD,US 6,30.456385843599875,7.614096460899969,22.842289382699906,1311338.381416
000000000007830,3,P,606.0,False,208.62,False,1901,17,01,HATCHERY RD,AMTRAK,44.396812561491885,7.399468760248647,36.99734380124324,857805.7604759999
000000000007850,7,G,500.0,False,56.84,False,2013,09,11,PLAIN RD,FLAT RIVER,14.355738778585922,7.177869389292961,7.177869389292961,233715.26903199998
000000000007880,4,P,17.0,False,49.0,False,1960,09,11,BARBER TRAIL,FALLS RIVER,16.686525273862248,3.3373050547724494,13.349220219089798,201478.6802
000000000007890,6,F,34.0,False,49.49,False,2010,09,11,BROOK TRAIL,FLAT RIVER,12.31531655885039,4.105105519616797,8.210211039233592,203493.46700200002
000000000007900,6,F,28.0,False,50.96,False,1989,09,11,BLITZKRIEG TRAIL,WOODY HILL BROOK,11.663925268742293,3.887975089580764,7.775950179161529,209537.82740799998
000000000007925,8,G,1396.0,False,111.72,False,2017,17,01,CAPRON RD,WOONASQUATUCKET RIVER,8.36191330703381,8.36191330703381,0.0,459371.39085599995
000000000007965,8,G,9600.0,False,183.92,False,2020,17,04,HAWKINS ST,WEST RIVER,10.58750576466514,10.58750576466514,0.0,756244.058416
000000000007970,6,F,6862.0,False,371.52,False,1975,11,01,RAMP RI 7 TO I-295,RAMP 5 OF I-295 TO RI 7,30.599612854937963,10.199870951645988,20.399741903291975,1527619.576896
000000000007980,6,F,3400.0,False,310.08,False,1976,11,01,RAMP RI 7 TO I-295,RAMP 5 OF I-295 TO RI 7,28.16770529817431,9.389235099391438,18.778470198782873,1274989.982784
000000000008000,6,F,33100.0,False,50651.12,False,1992,12,31,RI 138,WEST PASSAGE NARRA BAY,36.04975462153366,12.016584873844554,24.033169747689104,208267771.59697598
000000000008030,6,F,31009.0,False,217.6,False,1965,14,01,RI 2 QUAKER LANE,MASKERCHUGG RIVER,35.82372310484793,11.941241034949309,23.88248206989862,894729.81248
000000000008060,6,F,11000.0,False,97.28,True,1965,11,01,I-95 RAMP,HARDIG BROOK,32.23401756241945,10.744672520806484,21.48934504161297,772768.7976960001
000000000008070,6,F,26100.0,False,197.12,False,1965,14,01,RI 117 CNTRVLLE RD,HARDIG BROOK,35.226770667254506,11.742256889084835,23.48451377816967,810519.9477759999
000000000008080,6,F,174731.0,False,343.04,True,1965,11,01,I-95 NB & SB,HARDIG BROOK,41.81258491278045,13.93752830426015,27.875056608520303,2725026.812928
000000000008110,6,F,44945.0,False,154.7,True,1966,11,01,I-295 NB & SB,MESHANTICUT BROOK,37.10935104809071,12.369783682696903,24.739567365393803,1228899.3935399998
000000000008140,7,G,22473.0,False,89.32,True,1967,11,01,I-295 NB,MESHANTICUT BROOK,23.139015406292867,11.569507703146433,11.569507703146433,709536.4824239999
000000000008142,6,F,22473.0,False,111.02,True,1967,11,01,I-295 SB,MESHANTICUT BROOK,34.7085231094393,11.569507703146433,23.139015406292863,881916.0353639999
000000000008150,6,F,27900.0,False,262.57,True,1968,12,01,I-295  RI 37 RAMP,MESHANTICUT BROOK,35.45777335211319,11.819257784037731,23.638515568075462,2085792.5905739998
000000000008160,6,F,5175.0,False,154.77,True,1968,11,01,RAMPS E-S E-N S-E,MESHANTICUT BROOK,29.622408980844465,9.874136326948154,19.74827265389631,1229455.456614
000000000008190,7,G,9782.0,False,87.75,False,1968,16,01,WILBUR AV,MESHANTICUT BROOK,21.218376887914474,10.609188443957237,10.609188443957237,360811.30994999997
000000000008205,8,G,2600.0,False,162.72,False,2022,14,01,WEST NATICK RD,MESHANTICUT BROOK,9.07959436202474,9.07959436202474,0.0,669073.690656
000000000008210,7,G,1000.0,False,174.72,False,1969,14,01,JUG HANDLE RD,MESHANTICUT BROOK,15.954087694224073,7.977043847112037,7.977043847112037,718415.408256
000000000008220,4,P,1191.0,False,631.19,False,1978,07,01,KINGS FACTORY RD,AMTRAK,40.89340065722244,8.178680131444487,32.714720525777956,2595333.227662
000000000008240,6,F,1441.0,False,2065.68,False,1984,17,01,BRIDGE RD,AMTRAK YAWGOO MILL POND,25.195558785366302,8.3985195951221,16.797039190244202,8493683.267663999
000000000008270,4,P,1534.0,False,275.94,False,1988,17,01,ROCKY HOLLOW RD,AMTRAK,42.353415524417926,8.470683104883586,33.88273241953434,1134612.7962119998
000000000008315,8,G,14390.0,False,156.78,True,2024,11,01,RI 37 RAMP,CRANSTON ST,11.054825120919725,11.054825120919725,0.0,1245422.410596
000000000008340,5,F,7517.0,False,559.36,False,1980,17,01,CORONADO RD,AMTRAK,41.22048660305757,10.305121650764393,30.91536495229318,2299981.929728
000000000008360,3,P,1756.0,False,351.6,False,1919,17,03,LINCOLN AV,PAWTUXET RIVER N BRANCH,51.75988396398422,8.626647327330703,43.13323663665352,1445712.32568
000000000008390,5,F,33100.0,False,450.56,False,1993,12,31,RI 138,FISHING PIER ACCESS RD,48.066339495378216,12.016584873844554,36.049754621533665,1852617.023488
000000000008400,6,F,34118.0,False,656.88,False,1976,14,01,RI 113 MAIN AV,US 1 POST RD,36.154678884338296,12.051559628112765,24.103119256225533,2700965.621424
000000000008410,5,F,3434.0,False,310.88,False,1976,14,01,US 1 NB BY-PASS,AMTRAK,37.602882686873976,9.400720671718494,28.20216201515548,1278279.430624
000000000008412,5,F,3434.0,False,310.88,False,1976,14,01,US 1 SB BY-PASS,AMTRAK,37.602882686873976,9.400720671718494,28.20216201515548,1278279.430624
000000000008420,2,P,910.0,False,222.75,False,1888,19,03,HILL ST,PAWTUXET RIVER N BRANCH,55.077848987425824,7.868264141060832,47.20958484636499,915905.6329499999
000000000008430,4,P,1386.0,False,64.31,False,1978,17,03,MAPLE VALLEY RD,FLAT RIVER,41.76809263881081,8.353618527762164,33.41447411104865,264430.488238
000000000008445,6,F,81.0,False,217.14,False,2019,09,03,BARBS HILL RD,MOOSUP RIVER,15.264368376159274,5.088122792053092,10.176245584106182,892838.3799719999
000000000008450,2,P,42.0,False,54.39,False,1970,09,03,CAHOONE RD,BUCKS HORN BROOK,30.399516901853314,4.342788128836187,26.056728773017127,223641.335022
000000000008460,4,P,26.0,False,49.0,False,1975,09,03,NICHOLAS RD,ROARING BROOK,19.027332734228818,3.805466546845763,15.221866187383055,201478.6802
000000000008470,7,G,188.0,False,111.35,False,1995,09,03,LEWIS FARM RD,BUCKS HORN BROOK,12.104538982853834,6.052269491426917,6.052269491426917,457850.02122999995
000000000008480,6,F,1100.0,False,669.6,True,1988,11,01,RAMP BC,WEST EXCHANGE ST,24.26096043817608,8.08698681272536,16.17397362545072,5319140.49072
000000000008490,6,F,15300.0,False,2309.4,True,1988,11,01,I-95 RAMP BD,US 6 W EXCHANGE ST RAMPS,33.3768640716577,11.125621357219234,22.251242714438465,18345315.18708
000000000008500,5,F,13100.0,False,1134.6,False,1974,12,01,RI 78 WEST BY-PASS,PAWCATUCK RIVER,43.78555536251875,10.946388840629687,32.83916652188906,4665259.39908
000000000008510,6,F,13100.0,False,485.03,False,1974,12,01,RI 78 WEST BY-PASS,WHITE ROCK RD,32.839166521889055,10.946388840629687,21.892777681259368,1994351.1072939998
000000000008520,6,F,13100.0,False,535.37,False,1976,12,01,RI 78 WEST BY-PASS,CANAL STREET,32.839166521889055,10.946388840629687,21.892777681259368,2201339.612626
000000000008530,6,F,12000.0,False,535.37,False,1974,12,01,RI 78 WEST BY-PASS,HIGH STREET,32.53538872034616,10.845129573448723,21.69025914689744,2201339.612626
000000000008540,5,F,13100.0,False,832.1,False,1974,12,01,RI 78 WEST BY-PASS,RI 3 ASHAWAY RD,43.78555536251875,10.946388840629687,32.83916652188906,3421436.93458
000000000008550,4,P,16600.0,False,613.8,False,1975,12,01,RI 78 WEST BY-PASS,OLD HOPKINTON RD,56.098876162949466,11.219775232589893,44.87910093035957,2523828.85524
000000000008560,4,P,12829.0,False,1527.79,False,1975,12,01,RI 78 WEST BY-PASS,RI 91 BRDFRD RD & AMTRAK,54.61127177856346,10.922254355712692,43.68901742285077,6281981.894342
000000000008580,5,F,34.0,False,50.6,False,1955,09,03,RAMS TAIL RD,PONAGANSETT BROOK,16.420422078467187,4.105105519616797,12.315316558850391,208057.57588
000000000008595,5,F,180.0,False,49.95,False,1953,09,03,CENTRAL PIKE,HEMLOCK BROOK,24.009327343124788,6.002331835781197,18.00699550734359,205384.89951
000000000008600,6,F,83.0,False,39.6,False,2013,09,03,PLAIN WOODS RD,QUANDUCK BROOK,15.347839521840868,5.115946507280289,10.23189301456058,162827.66808
000000000008610,2,P,200.0,False,43.12,False,1960,09,03,HEMLOCK RD,BARDEN RESERVOIR,42.8634218412213,6.123345977317328,36.740075863903975,177301.23857599997
000000000008640,6,F,26759.0,False,404.15,False,1994,14,04,MEMORIAL BLVD,PEDESTRIAN UNDERPASS,35.313141278285585,11.771047092761862,23.542094185523723,1661787.9306699997
000000000008650,6,F,13200.0,False,1312.74,False,1985,16,04,FRANCIS ST,AMTRAK,32.86550597605239,10.95516865868413,21.91033731736826,5397737.1968519995
000000000008652,5,F,13192.0,False,724.88,False,1985,16,04,FRANCIS ST,WOONASQUATUCKET RIVER,43.81787489941678,10.954468724854195,32.863406174562584,2980568.6878239997
000000000008660,6,F,2817.0,False,322.77,False,1985,17,04,PARK ROW,MOSHASSUCK RIVER,27.516349128237426,9.172116376079142,18.344232752158284,1327168.8491459999
000000000008670,6,F,15175.0,False,607.32,False,1994,14,04,STEEPLE ST,WOONASQUATUCKET RIVER,33.348449986037245,11.11614999534575,22.232299990691494,2497184.327736
000000000008672,6,F,15175.0,False,395.0,False,1994,14,04,STEEPLE ST,MOSHASSUCK RIVER,33.348449986037245,11.11614999534575,22.232299990691494,1624164.871
000000000008680,6,F,5684.0,False,766.35,False,1994,14,04,WASHINGTON ST,PROVIDENCE RIVER,29.94731643361341,9.982438811204469,19.96487762240894,3151085.44023
000000000008700,6,F,6060.0,False,408.32,False,1991,17,04,COLLEGE ST,PROVIDENCE RIVER,30.169156356742693,10.056385452247564,20.11277090449513,1678934.177536
000000000008720,5,F,6161.0,False,624.95,False,1996,14,04,SOUTH WATER ST,PROVIDENCE RIVER,40.3018701169193,10.075467529229824,30.22640258768947,2569675.53451
000000000008740,5,F,5000.0,False,685.47,False,1994,16,04,EXCHANGE ST,WOONASQUATUCKET RIVER,39.33769309336272,9.83442327334068,29.503269820022037,2818522.263606
000000000008770,5,F,122.0,False,37.41,False,1950,09,03,WINSOR RD,WINSOR BROOK,22.22513713650562,5.556284284126405,16.668852852379214,153822.804618
000000000008780,6,F,248.0,False,46.9,False,1950,09,03,NORTH RD,HEMLOCK BROOK,19.111821921042367,6.370607307014121,12.741214614028245,192843.87961999996
000000000008790,4,P,73.0,False,60.68,False,1950,09,03,MILL RD,HEMLOCK BROOK,24.847976998770466,4.969595399754093,19.87838159901637,249504.618664
000000000008800,5,F,4100.0,False,495.18,False,1969,12,31,RI 138,EAST SHORE RD,38.421347525289754,9.605336881322438,28.816010643967317,2036085.976764
000000000008810,5,F,690.0,False,158.4,False,1894,19,04,STEVENS ST,MOSHASSUCK RIVER,30.19648531101204,7.54912132775301,22.64736398325903,651310.67232
000000000008820,4,P,4545.0,False,525.74,False,1965,17,04,INDUSTRIAL DR,MOSHASSUCK RIVER,48.62141543064489,9.724283086128976,38.89713234451591,2161742.884252
000000000008835,7,G,7766.0,False,289.17,False,2026,17,04,WEST RIVER ST,WEST RIVER,20.685487759598445,10.342743879799222,10.342743879799222,1189012.039866
000000000008840,4,P,2000.0,False,466.32,False,1960,19,04,MAGNAN RD,AMTRAK,43.88397161241003,8.776794322482004,35.107177289928025,1917419.145936
000000000008850,4,P,2764.0,False,143.84,False,1897,19,12,CLADRASTIS AVE,PLEASURE LAKE,45.75096852063308,9.150193704126615,36.600774816506465,591442.721632
000000000008860,3,P,2551.0,False,174.2,False,1897,19,12,CLADRASTIS AVE,CUNLIFFS LAKE,54.34580954304795,9.057634923841325,45.28817461920662,716277.2671599999
000000000008870,5,F,2953.0,False,132.6,False,1957,19,12,CLADRASTIS AVE,WILLIAMS LAKE,36.90614882930509,9.226537207326272,27.679611621978815,545225.97948
000000000008880,6,F,3035.0,False,152.07,False,1957,19,12,MEMORIAL BLVD,ROOSEVELT LAKE,27.774455130859586,9.258151710286528,18.51630342057306,625282.9162859999
000000000008890,5,F,6746.0,False,105.56,False,1889,19,12,MEMORIAL BLVD,POLO LAKE,40.72075338647815,10.180188346619538,30.540565039858613,434042.64248800004
000000000008900,4,P,2222.0,False,131.61,False,1913,17,04,VEAZIE ST,WEST RIVER,44.491367179126904,8.898273435825379,35.59309374330152,541155.287778
000000000008940,5,F,370.0,False,234.3,False,1985,19,01,JENKS ST,AMTRAK,27.324057529494144,6.831014382373536,20.49304314712061,963397.03614
000000000008950,6,F,4033.0,False,169.36,False,1930,17,03,STONY LANE,AMTRAK,28.758952122078863,9.586317374026287,19.172634748052577,696376.107728
000000000008960,4,P,46800.0,False,1609.56,False,1969,12,01,US 1 TOWER HILL RD,RI 138,62.082400428235914,12.416480085647184,49.665920342588734,6618204.581687999
000000000008980,5,F,36000.0,False,627.45,False,1969,12,01,RI 138,GILBERT STUART RD,48.45421711977443,12.113554279943607,36.34066283983082,2579955.0590100004
000000000008990,6,F,6746.0,False,1285.53,False,1991,14,01,US 1A BSTN NCK RD,RI 138,30.54056503985861,10.180188346619538,20.360376693239072,5285854.852194
000000000009000,5,F,28000.0,False,56568.6,False,1969,12,31,RI 138,EAST PASSAGE NARR BAY,47.293554760213674,11.823388690053418,35.47016607016025,232599323.85228
000000000009020,5,F,13800.0,False,482.58,False,1994,12,31,RI 138 EB,N MAIN RD & JAMESTOWN BK,44.02596047714022,11.006490119285054,33.01947035785516,1984277.173284
000000000009022,5,F,13800.0,False,482.58,False,1994,12,31,RI 138 WB,N MAIN RD & JAMESTOWN BK,44.02596047714022,11.006490119285054,33.01947035785516,1984277.173284
000000000009030,6,F,28743.0,False,624.96,False,1969,12,01,RI 138,THIRD ST,35.5608811497444,11.8536270499148,23.707254099829598,2569716.6526079997
000000000009040,6,F,26700.0,False,948.72,False,1969,12,01,RI 138,NEWPORT SEC RR,35.30549573130227,11.768498577100758,23.536997154201515,3900956.1934559997
000000000009070,6,F,26700.0,False,598.98,False,1969,12,01,RI 138,RI 238 JT CONNELL HWY,35.30549573130227,11.768498577100758,23.536997154201515,2462891.834004
000000000009090,7,G,26700.0,False,282.1,True,1994,12,31,RI 138,WILDLIFE PASSAGE,23.536997154201515,11.768498577100758,11.768498577100758,2240934.1882200004
000000000009100,7,G,26700.0,False,283.92,True,1994,12,31,RI 138,WILDLIFE PASSAGE,23.536997154201515,11.768498577100758,11.768498577100758,2255391.828144
000000000009110,7,G,26700.0,False,303.94,True,1994,12,31,RI 138,WILDLIFE PASSAGE,23.536997154201515,11.768498577100758,11.768498577100758,2414425.867308
000000000009120,7,G,26700.0,False,317.59,True,1994,12,31,RI 138,WILDLIFE PASSAGE,23.536997154201515,11.768498577100758,11.768498577100758,2522858.1667379998
000000000009140,6,F,329.0,False,110.04,False,1931,08,03,BURDICKVILLE RD,AMTRAK,20.087389633482733,6.695796544494244,13.39159308898849,452463.550392
000000000009150,8,G,5500.0,False,566.68,False,2013,17,04,CONANT ST,AMTRAK & P&W RR,9.944450115829557,9.944450115829557,0.0,2330080.3774639997
000000000009160,4,P,1010.0,False,583.2,False,1915,16,01,BARTON ST,AMTRAK & P&W RR,39.942606800990774,7.988521360198154,31.954085440792618,2398007.47536
000000000009170,2,P,7070.0,False,439.11,False,1928,17,01,SACRED HEART AV,AMTRAK & RAILROAD ST,71.64041483350053,10.234344976214361,61.40606985728617,1805536.801278
000000000009180,6,F,2875.0,False,398.08,False,1986,19,03,OLD HOPKINTON RD,AMTRAK,27.586918947231425,9.195639649077142,18.39127929815428,1636829.2451839997
000000000009190,5,F,7612.0,False,245.22,False,1979,16,01,CROSS ST,AMTRAK,41.27848204588727,10.319620511471818,30.958861534415455,1008297.999156
000000000009200,5,F,11267.0,False,396.64,False,1984,14,01,RI 3 HIGH ST,AMTRAK,43.089445135438055,10.772361283859514,32.317083851578545,1630908.2390719997
000000000009225,6,F,13050.0,False,364.8,False,2022,14,01,RI 12 PARK AV,AMTRAK,32.82592130489936,10.941973768299787,21.88394753659957,1499988.21504
000000000009230,7,G,13750.0,False,587.52,False,2001,16,04,ROGER WILLIAMS AV,AMTRAK & P&W RR,22.00459878113418,11.00229939056709,11.00229939056709,2415770.493696
000000000009240,6,F,15500.0,False,364.65,False,2005,16,01,CRANSTON ST,AMTRAK,33.421847301410196,11.140615767136731,22.281231534273466,1499371.44357
000000000009250,6,F,21312.0,False,382.11,False,1922,16,04,UNION AV,AMTRAK & P&W RR,34.52479217440794,11.50826405813598,23.016528116271964,1571163.642678
000000000009260,6,F,21211.0,False,350.46,False,1995,16,04,WESTMINSTER ST,AMTRAK & P&W RR,34.508338180972544,11.502779393657514,23.00555878731503,1441024.8625079999
000000000009270,4,P,20278.0,False,571.78,False,1994,16,04,BROADWAY,AMTRAK & P&W RR,57.25421418331918,11.450842836663835,45.80337134665534,2351050.607444
000000000009280,5,F,12323.0,False,625.8,False,1900,14,01,US 44 SMITH ST,AMTRAK & P&W RR,43.5031795444204,10.8757948861051,32.6273846583153,2573170.57284
000000000009290,5,F,16565.0,False,1047.04,False,1936,14,04,RI 7 ORMS ST,AMTRAK & P&W RR,44.86935340883261,11.217338352208152,33.65201505662446,4305229.332992
000000000009300,5,F,21009.0,False,688.88,False,1977,14,01,CHARLES ST,AMTRAK & P&W RR,45.96692512559205,11.491731281398012,34.47519384419404,2832543.535024
000000000009310,5,F,19191.0,False,3033.09,False,1984,16,04,BRANCH AV,AMTRAK & P&W RR,45.54892663454952,11.38723165863738,34.16169497591214,12471489.186282
000000000009320,5,F,13535.0,False,4524.67,False,1984,14,01,RI 126 SMTHFLD AV,AMTRAK & P&W RR,43.93641558586229,10.984103896465573,32.95231168939672,18604582.447766
000000000009330,6,F,25343.0,False,661.29,False,1907,14,01,RI 122 LONSDALE AV,AMTRAK & P&W RR,35.124822949602326,11.708274316534109,23.416548633068217,2719098.702642
000000000009340,7,G,7541.0,False,414.12,False,1931,16,04,RI 15 MNRL SPRG AV,AMTRAK & P&W RR,20.617603488214368,10.308801744107184,10.308801744107184,1702782.674376
000000000009350,4,P,12727.0,False,291.72,False,1900,14,01,DEXTER ST,AMTRAK & P&W RR,54.565191211704146,10.913038242340829,43.652152969363314,1199497.154856
000000000009360,4,P,16040.0,False,1081.55,False,1900,14,01,RI 114 BROAD ST,AMTRAK & P&W RR,55.90077086929838,11.180154173859675,44.7206166954387,4447127.88919
000000000009390,6,F,4539.0,False,163.8,False,1999,17,04,BLACKSTONE ST,P&W RR,29.168274459227717,9.722758153075905,19.445516306151813,673514.44524
000000000009400,5,F,3709.0,False,217.0,False,1929,16,04,RI 122 HARRIS AV,P&W RR,37.95857725713782,9.489644314284455,28.468932942853364,892262.7265999999
000000000009410,6,F,3636.0,False,193.2,False,1913,17,01,GREENWOOD AV,P&W RR,28.400096160106038,9.466698720035344,18.933397440070692,794401.6533599999
000000000009420,7,G,1313.0,False,82.81,False,1993,08,01,BRIDGE ST,E BAY BICYCLE FAC,16.582381967005105,8.291190983502553,8.291190983502553,340498.969538
000000000009430,4,P,1111.0,False,354.17,False,1882,16,03,CHURCH ST,P&W RR,40.49232681554728,8.098465363109456,32.393861452437825,1456279.676866
000000000009440,5,F,4175.0,False,196.42,False,1908,17,04,RI 122 ARNOLD ST,P&W RR,38.505048859916144,9.626262214979036,28.878786644937108,807641.680916
000000000009460,6,F,200.0,False,148.96,False,1994,19,01,WATERMAN AV,P&W RR R.O.W.,18.370037931951984,6.123345977317328,12.246691954634656,612495.187808
000000000009470,6,F,2125.0,False,176.32,False,1980,17,03,WHIPPLE AV,WOONASQUATUCKET RIVER,26.54027785158292,8.846759283860974,17.693518567721945,724994.3039359999
000000000009480,6,F,7850.0,False,178.12,False,1979,16,03,ESMOND ST,WOONASQUATUCKET RIVER,31.0654923820666,10.355164127355534,20.710328254711065,732395.561576
000000000009500,5,F,300.0,False,68.85,False,1976,09,03,DUGWAY BRIDGE RD,QUEEN RIVER,26.35836429366936,6.58959107341734,19.768773220252022,283098.10472999996
000000000009510,7,G,1858.0,False,156.52,False,2011,08,03,CHESTNUT HILL RD,SAYLES RESERVOIR,17.38360808285406,8.69180404142703,8.69180404142703,643580.469896
000000000009520,5,F,7085.0,False,1658.07,False,1989,16,04,BERNON ST,BLACKSTONE RIVER,40.947166967717614,10.236791741929403,30.710375225788212,6817668.475085999
000000000009530,5,F,6592.0,False,211.06,False,1900,17,04,WOOD AV,PETERS RIVER,40.61411431050647,10.153528577626618,30.460585732879856,867838.5763879999
000000000009540,5,F,12300.0,False,74.42,False,1926,14,01,RI 114 DMND HLL RD,PETERS RIVER,43.49455206541094,10.873638016352736,32.62091404905821,306000.885316
000000000009550,4,P,1509.0,False,912.5,False,1958,17,04,SINGLETON ST,BLACKSTONE RIVER,42.25861632464208,8.451723264928415,33.80689305971366,3752026.4425
000000000009560,5,F,4458.0,False,1039.76,False,1959,17,04,RIVER ST,BLACKSTONE RIVER,38.80788789055842,9.701971972639605,29.105915917918814,4275295.357647999
000000000009570,5,F,3293.0,False,848.03,False,1958,17,04,FAIRMOUNT ST,BLACKSTONE RIVER,37.40930096565697,9.352325241414242,28.056975724242726,3486938.064694
000000000009580,4,P,13424.0,False,243.88,False,1903,16,04,RI 104 SO MAIN ST,BLACKSTONE RIVER,54.87298249689626,10.974596499379253,43.89838599751701,1002788.1740239998
000000000009582,4,P,13424.0,False,316.59,False,1903,16,04,RI 104 SO MAIN ST,BLACKSTONE RIVER,54.87298249689626,10.974596499379253,43.89838599751701,1301757.8645819998
000000000009590,7,G,10965.0,False,2501.07,False,1895,14,04,RI 122 COURT ST,BLACKSTONE RIVER,21.481986362684303,10.740993181342152,10.740993181342152,10283924.136486001
000000000009610,6,F,12000.0,False,228.76,False,1962,14,04,SOCIAL/CLINTON STS,MILL RIVER CONDUIT,32.53538872034616,10.845129573448723,21.69025914689744,940617.6098479999
000000000009620,6,F,4782.0,False,270.48,False,1964,16,04,EAST SCHOOL ST,MILL RIVER,29.348884719150625,9.782961573050208,19.565923146100417,1112162.314704
000000000009630,4,P,9981.0,False,504.64,False,1961,16,04,PRIVILEGE ST,MILL RIVER,53.16219761971123,10.632439523942244,42.52975809576898,2074983.697472
000000000009640,4,P,12626.0,False,1134.84,False,1928,14,04,RI 15&114 XCHNG ST,BLACKSTONE RIVER,54.51919709771518,10.903839419543033,43.615357678172145,4666246.233432
000000000009650,5,F,14948.0,False,1213.2,False,1877,16,04,DIVISION ST,SEEKONK RVR TAFT S,44.39499517819765,11.098748794549412,33.29624638364824,4988447.64936
000000000009660,5,F,16040.0,False,242.36,False,1858,14,04,MAIN ST,BLACKSTONE RIVER,44.7206166954387,11.180154173859675,33.54046252157902,996538.223128
000000000009662,5,F,10100.0,False,680.4,False,1968,14,04,MAIN ST,BLACKSTONE RIVER,42.58449190121881,10.646122975304703,31.93836892591411,2797675.3879199997
000000000009670,5,F,7777.0,False,606.34,False,1904,16,01,CROSS ST,BLACKSTONE RIVER,41.37751185294653,10.344377963236633,31.0331338897099,2493154.7541320003
000000000009680,5,F,9999.0,False,953.55,False,1910,16,04,ROOSEVELT AV,BLACKSTONE RIVER,42.53807891057468,10.63451972764367,31.903559182931012,3920816.23479
000000000009690,5,F,7250.0,False,252.32,False,1926,16,01,RI 15 ARMSTC BLVD,TEN MILE RIVER,41.053477678630706,10.263369419657677,30.790108258973028,1037491.848736
000000000009700,5,F,9765.0,False,126.88,False,1967,16,04,WEEDEN ST,MOSHASSUCK RIVER,42.42872116599791,10.607180291499478,31.821540874498435,521706.427424
000000000009720,5,F,8137.0,False,265.2,False,1931,16,04,EAGLE ST,WOONASQUATUCKET RIVER,41.58647747193284,10.39661936798321,31.18985810394963,1090451.95896
000000000009730,7,G,7777.0,False,161.7,False,1894,14,04,CHARLES ST,WEST RIVER,20.688755926473267,10.344377963236633,10.344377963236633,664879.6446599999
000000000009740,6,F,7957.0,False,283.65,False,1916,16,04,RANDALL ST,MOSHASSUCK RIVER,31.112382298808193,10.370794099602731,20.74158819920546,1166314.84977
000000000009755,7,G,10681.0,False,283.71,False,2015,16,04,ATWELLS AV,WOONASQUATUCKET RIVER,21.42139263506192,10.71069631753096,10.71069631753096,1166561.558358
000000000009760,6,F,23150.0,False,201.39,False,2013,16,04,BRANCH AV,WEST RIVER,34.81132737142596,11.60377579047532,23.207551580950643,828077.3756219998
000000000009775,7,G,6988.0,False,182.5,False,2019,14,04,RI 7 DOUGLAS AV,WEST RIVER,20.441753794584464,10.220876897292232,10.220876897292232,750405.2885
000000000009780,5,F,12323.0,False,287.1,False,1979,14,01,US 44 SMITH ST,MOSHASSUCK RIVER,43.5031795444204,10.8757948861051,32.6273846583153,1180500.5935799999
000000000009790,6,F,15043.0,False,513.33,False,1904,14,01,CHARLES ST,MOSHASSUCK RIVER,33.31818951494465,11.106063171648216,22.212126343296433,2110715.324634
000000000009800,5,F,23254.0,False,2944.47,False,1927,14,04,POINT ST,PROVIDENCE RIVER,46.43580419972512,11.60895104993128,34.82685314979384,12107100.601805998
000000000009810,6,F,22000.0,False,2303.4,False,1996,14,04,MEMORIAL BLVD,PROVIDENCE RIVER,34.63484219446485,11.544947398154951,23.0898947963099,9471142.69332
000000000009812,4,P,6500.0,False,2912.7,False,1996,14,04,MEMORIAL BLVD,PROVIDENCE RIVER,50.68651599607612,10.137303199215223,40.54921279686089,11976468.404459998
000000000009820,5,F,1563.0,False,140.16,False,1986,17,01,PARK ROW,PARKING GARAGE,33.96917371906794,8.492293429766985,25.476880289300954,576311.261568
000000000009840,5,F,9280.0,False,166.32,False,1994,12,01,RI 99 NB,SECOND AV,42.19346488127512,10.54836622031878,31.64509866095634,683876.205936
000000000009842,5,F,9280.0,False,184.8,False,1994,12,01,RI 99 SB,SECOND AV,42.19346488127512,10.54836622031878,31.64509866095634,759862.4510400001
000000000009850,5,F,35200.0,False,7991.82,False,1993,12,01,RI 99 NB & SB,BLACKSTONE RIVER  P&W RR,48.35042885323044,12.08760721330761,36.262821639922834,32860843.795835998
000000000009860,5,F,35135.0,False,772.56,False,1991,12,01,RI 99 NB & SB,SAYLES HILL RD,48.3418927073681,12.085473176842026,36.256419530526074,3176619.779088
000000000009870,5,F,12550.0,False,762.09,False,1991,12,01,RI 99 RAMP,RI 146 EDDIE DOWLING HWY,43.58747555314625,10.896868888286562,32.690606664859686,3133569.1304820003
000000000009880,7,G,200.0,False,155.61,False,1927,19,11,TABLE ROCK RD,BARNEY POND,12.246691954634656,6.123345977317328,6.123345977317328,639838.7229780001
000000000009890,5,F,4891.0,False,133.59,False,1986,17,01,EXCHANGE ST,PARKING GARAGE,39.23591642000357,9.808979105000892,29.426937315002675,549296.6711820001
000000000009900,6,F,8017.0,False,691.38,False,1919,16,01,EXCHANGE TERRACE,FRANCIS ST,31.13840058533153,10.379466861777178,20.758933723554353,2842823.0595239997
000000000009910,7,G,2024.0,False,174.27,False,2002,17,04,OLD FORGE RD,POTOWOMUT RIVER,17.581121091731276,8.790560545865638,8.790560545865638,716565.093846
000000000009920,6,F,588.0,False,102.4,False,1950,17,03,POTOWOMUT RD,POTOWOMUT RIVER,22.094134312695672,7.364711437565223,14.72942287513045,421049.32352
000000000009940,6,F,10151.0,False,341.85,False,1946,16,01,ROGER WILLIAMS AV,TEN MILE RIVER,31.955814094990835,10.651938031663612,21.303876063327223,1405622.18013
000000000009950,5,F,13032.0,False,226.92,False,1896,16,04,CRANSTON ST,POCASSET RIVER,43.761520801505114,10.940380200376278,32.82114060112883,933051.8798159999
000000000009965,7,G,2654.0,False,88.32,False,2018,17,04,MAIN ST,CLARK BROOK,18.206640872138568,9.103320436069284,9.103320436069284,363155.041536
000000000009970,7,G,1616.0,False,359.66,False,2011,17,03,ATLANTIC AV,WEEKAPAUG INLET,17.06154500349127,8.530772501745634,8.530772501745634,1478853.512668
000000000009980,6,F,2456.0,False,127.49,False,1963,08,04,ELM ST/CMBRLND RD,PETERS RIVER,27.041497890969186,9.013832630323062,18.027665260646124,524214.63140199997
000000000010010,6,F,23482.0,False,1626.03,False,2005,12,01,RI 403,DAVISVILLE ACCESS RD &RR,34.86064886326612,11.620216287755374,23.240432575510745,6685926.089093999
000000000010020,6,F,22900.0,False,1070.08,False,2003,14,01,US 1 POST RD,RI 403,34.77371859271624,11.591239530905414,23.18247906181083,4399965.430783999
000000000010030,6,F,24157.0,False,861.32,False,2003,14,01,US 1 POST RD,DAVISVILLE ACCESS RD,34.95881131997834,11.652937106659447,23.30587421331889,3541584.016936
000000000010040,6,F,2650.0,False,462.24,True,2006,12,01,US 1 POST RD-RMP D,DAVISVILLE ACCESS RD,27.304738714038624,9.101579571346207,18.203159142692417,3671922.790368
000000000010050,6,F,25771.0,False,1548.4,False,2003,14,01,US 1 POST RD,SEAVIEW RR,35.182831299103704,11.727610433034569,23.455220866069133,6366726.294319999
000000000010060,6,F,3629.0,False,498.75,False,2004,17,01,W DAVISVILLE  RD,RI 403,28.39342292438695,9.464474308128985,18.928948616257966,2050765.1377499998
000000000010070,7,G,2880.0,False,457.52,False,2004,17,01,W DAVISVILLE RD,SEAVIEW RR,18.395290514409858,9.197645257204929,9.197645257204929,1881235.2196959998
000000000010080,7,G,5252.0,False,1357.22,False,2007,16,01,DEVILS FOOT RD,RI 403,19.782372949356088,9.891186474678044,9.891186474678044,5580630.4967559995
000000000010090,6,F,26486.0,False,1906.24,False,2007,12,01,RI 403,AMTRAK,35.277621948708955,11.759207316236317,23.518414632472638,7838096.313151999
000000000010100,6,F,22302.0,False,1507.84,False,2008,12,01,RI 403,FRENCHTOWN ROAD,34.68206634806676,11.56068878268892,23.12137756537784,6199951.2888319995
000000000010110,7,G,2650.0,False,439.56,False,2002,12,01,RI 403 RAMP BB,RAMPEE/W.DAVISVILLERD/RR,18.203159142692414,9.101579571346207,9.101579571346207,1807387.1156879999
000000000010120,6,F,29700.0,False,1823.2,False,2006,12,01,RI 403,RI 4 RAMPS 4I & 4G,35.67432915006571,11.891443050021904,23.782886100043804,7496651.62736
000000000010130,6,F,5281.0,False,214.2,False,2008,12,01,RI 402 RAMP-G,RAMP 4D FROM RI 4 TO 403,29.692629745172898,9.897543248390967,19.79508649678193,880749.6591599999
000000000010140,6,F,13423.0,False,597.69,False,2008,16,01,RI 402 FRNCHTWN RD,RAMP D FROM RI 4 TO 403,32.9235314710285,10.974510490342833,21.949020980685663,2457587.599362
000000000010200,7,G,3753.0,False,75.03,False,1980,16,01,WOODRUFF AV,NARR/S.KINGSTOWN BIKEWAY,19.00651490621477,9.503257453107384,9.503257453107384,308509.089294
000000000010250,7,G,5411.0,False,142.71,False,1992,14,01,GALILEE ESCAPE RD,POINT JUDITH POND,19.85123352302339,9.925616761511694,9.925616761511694,586796.3765580001
000000000010260,7,G,3900.0,False,142.71,False,1992,14,01,GALILEE ESCAPE RD,POINT JUDITH POND,19.095215744515123,9.547607872257561,9.547607872257561,586796.3765580001
000000000010270,6,F,4609.0,False,2584.09,False,2001,11,01,MALL RAMP RV-AD,HARRIS AV,29.221274825431937,9.740424941810646,19.48084988362129,10625286.586082
000000000010280,7,G,2451.0,False,402.3,True,2011,16,21,ROMANO VINEYARDWAY,DAVISVILLE RD,18.022961130647634,9.011480565323817,9.011480565323817,3195773.92386
000000000010310,5,F,43260.0,False,903.16,False,2012,12,31,RI 24,EVANS AVENUE,49.30266026444088,12.32566506611022,36.97699519833066,3713622.1389679997
000000000010380,8,G,26000.0,False,421.2,False,2016,14,01,RI 117 CNTRVLLE RD,HARDIG BROOK,11.737824699431288,11.737824699431288,0.0,1731894.28776
000000000010620,6,F,679.0,False,141.61,False,1992,19,03,LANG DRIVE,GOOSENEST BROOK,22.591778933175743,7.530592977725248,15.061185955450494,582273.385778
000000000010700,6,F,15500.0,False,405.72,True,2009,11,01,I-195 W TO I-95 SB,PUBLIC ST,33.421847301410196,11.140615767136731,22.281231534273466,3222941.576904
000000000010710,6,F,43000.0,False,7856.42,True,2009,11,01,I-195 W TO I-95 SB,RAMP SE US 1 I-95 NB&SB,36.956114328233554,12.318704776077851,24.637409552155702,62409500.79764399
000000000010720,7,G,45600.0,False,1264.69,False,2009,11,01,I-195 W TO EDDY ST,BLACKSTONE ST.,24.77297740589383,12.386488702946915,12.386488702946915,5200164.735962
000000000010730,5,F,35900.0,False,6810.88,True,2008,11,01,I-95 N TO I-195 E,US 1 & BLACKSTONE STREET,48.44137042228831,12.110342605572077,36.33102781671623,54103983.849216
000000000010740,6,F,76400.0,False,7507.28,True,2009,11,01,RMP SE-95S TO 195E,I95 RMPNP&WS US1 EDDY ST,38.94705982878545,12.982353276261815,25.964706552523634,59636017.059696
000000000010750,6,F,35770.0,False,2360.52,True,2009,11,01,I-195 RAMP WN,EDDY ST & ALLENS AV,36.31846208576751,12.10615402858917,24.212308057178337,18751400.106264
000000000010760,6,F,11340.0,False,2878.26,True,2009,11,01,RAMP NP,RAMP WN RAMP SE EDDY ST,32.339452331242306,10.779817443747437,21.55963488749487,22864201.476732
000000000010770,6,F,8770.0,False,1040.13,True,2009,11,01,RAMP WP,GLOBE ST & HOSPITAL ST,31.449325168565057,10.483108389521686,20.96621677904337,8262541.216566001
000000000010780,7,G,7800.0,False,1516.2,False,2010,11,01,RAMP PS,RAMP SE & RAMP SES,20.695574456647922,10.347787228323961,10.347787228323961,6234326.018759999
000000000010790,6,F,6767.0,False,2234.48,False,2006,14,01,POINT STREET,I-95 NB & SB,30.551329618770893,10.1837765395903,20.367553079180595,9187756.761904
000000000010800,6,F,5000.0,False,1636.66,False,2010,16,01,CLIFFORD ST,RAMP SE I-95 RAMP PN,29.503269820022037,9.83442327334068,19.66884654668136,6729634.627268
000000000010810,7,G,167300.0,False,19163.85,True,2007,11,01,I-195 EB & WB,PROVRIVER SOMAIN&SOWATER,27.77469911876233,13.887349559381166,13.887349559381166,152232990.58106998
000000000010820,6,F,167300.0,False,727.12,True,2008,11,01,I-195 EB & WB,SOUTH MAIN STREET,41.66204867814349,13.887349559381166,27.774699118762328,5776065.462384
000000000010830,5,F,7400.0,False,1366.2,True,2009,11,01,I-195 RAMP EI,I-195 RAMP SME,41.14804513554719,10.287011283886798,30.861033851660395,10852762.45284
000000000010920,7,G,5600.0,False,163.59,False,2007,16,04,CRESCENT VIEW AV,BULLOCK COVE,19.93050208849666,9.96525104424833,9.96525104424833,672650.965182
000000000010970,7,G,199.0,False,141.81,False,2008,17,01,INDIA STREET,INDIA PT BIKE PATH,12.235174441394218,6.117587220697109,6.117587220697109,583095.747738
000000000010980,4,P,2502.0,False,113.28,False,1980,19,04,KIMBERLY LANE,FURNACE HILL BROOK,45.176248685979154,9.03524973719583,36.14099894878332,465785.81414399995
000000000010990,7,G,2630.0,False,115.34,False,1900,17,03,MORGAN AV,POCASSET RIVER,18.185671314946404,9.092835657473202,9.092835657473202,474256.14233199996
000000000011365,7,G,579.0,False,101.2,False,2017,17,03,MOUNTAINDALE RD,REAPER BROOK,14.693864756733912,7.346932378366956,7.346932378366956,416115.15176
000000000011410,7,G,3277.0,False,179.56,False,1935,17,04,TIDEWATER DR,BUCKEYE BROOK,18.693406362657356,9.346703181328678,9.346703181328678,738316.5676879999
000000000011440,6,F,1032.0,False,54.4,False,2016,19,04,LAKE SHORE DRIVE,BUCKEYE BROOK,24.04013199772315,8.013377332574382,16.02675466514877,223682.45312
000000000011660,6,F,100.0,False,54.81,False,1966,19,03,BRIARBROOK DR,SANDHILL BROOK,15.986246392522032,5.328748797507344,10.65749759501469,225368.29513800002
000000000011680,7,G,500.0,False,92.72,False,2020,19,03,SEAWYNDS DRIVE,NO NAME BROOK,14.355738778585922,7.177869389292961,7.177869389292961,381247.00465599995
000000000011780,7,G,922.0,False,131.6,False,2008,19,03,SCHOONER DRIVE,NEWPORT SECONDARY RR,15.766747993001315,7.883373996500658,7.883373996500658,541114.1696799999
000000000011980,5,F,2105.0,False,65.7,False,1981,17,03,TILLINGHAST RD,FRENCHTOWN BROOK,35.34338356626308,8.83584589156577,26.50753767469731,270145.90385999996
000000000011990,6,F,524.0,False,60.06,False,1980,19,03,ADIRONDACK DRIVE,FRENCHTOWN BROOK,21.695690830803084,7.231896943601028,14.463793887202055,246955.296588
000000000012160,5,F,65.0,False,50.92,False,1950,09,03,HUDSON POND ROAD,KELLEY BROOK,19.349975877834407,4.837493969458602,14.512481908375804,209373.35501600002
000000000012240,7,G,4876.0,False,70.7,False,2013,16,03,SHUN PIKE,CEDER SWAMP BROOK,19.610866618950936,9.805433309475468,9.805433309475468,290704.95286
000000000012290,5,F,1954.0,False,108.8,False,1903,16,03,COLUMBIA STREET,INDIAN RUN BROOK,34.99976516420832,8.74994129105208,26.249823873156238,447364.90624
000000000012300,7,G,1486.0,False,92.72,False,2015,17,03,STILLWATER ROAD,HARRIS BROOK,16.86800178848356,8.43400089424178,8.43400089424178,381247.00465599995
000000000012365,7,G,106.0,False,125.29,False,2016,19,03,HAMMET RD,FLAT RIVER,10.790760909376699,5.3953804546883495,5.3953804546883495,515168.649842
000000000012370,8,G,106.0,False,63.13,False,2016,19,03,HAMMET RD,WHALEY BROOK,5.3953804546883495,5.3953804546883495,0.0,259578.55267399998
000000000012390,7,G,106.0,False,79.73,False,2016,19,03,HAMMET RD,FLAT RIVER TRIBUTARY,10.790760909376699,5.3953804546883495,5.3953804546883495,327834.595354
000000000012445,7,G,500.0,False,131.04,False,2021,19,03,ESMOND MILL DR,WOONASQUATUCKET RIVER,14.355738778585922,7.177869389292961,7.177869389292961,538811.5561919999
000000000012470,5,F,10926.0,True,93.8,False,1963,02,01,US 1 SB POST RD,CROSS MILLS STREAM,42.94751794925646,10.736879487314114,32.210638461942345,385687.7592399999
000000000012480,5,F,18505.0,False,100.04,False,1963,02,01,US 1 NB POST RD,CROSS MILLS STREAM,45.38081958028007,11.345204895070017,34.03561468521005,411345.45239200006
000000000012570,7,G,1970.0,False,103.88,False,2022,09,03,SCHOOLHOUSE ROAD,KICKEMUIT RIVER,17.518704951151733,8.759352475575866,8.759352475575866,427134.802024
000000000012810,5,F,10.0,False,51.24,False,1900,19,04,ALLENDALE WAY,WOONASQUATUCKET HEADRACE,11.074711054538957,2.7686777636347393,8.306033290904217,210689.134152
000000000012840,7,G,500.0,False,103.63,False,2017,09,11,PLAIN ROAD,FALLS RIVER,14.355738778585922,7.177869389292961,7.177869389292961,426106.849574
000000000012920,7,G,157.0,False,129.21,False,2005,09,03,MAES MEADOW,SCOTT BROOK,11.690831082770185,5.845415541385092,5.845415541385092,531286.944258
000000000013040,7,G,15370.0,False,2593.8,False,2021,12,01,ROUTE10NB TO 6 WB,WESTMSTER TROY AMTRAK 10,22.261783158093095,11.130891579046548,11.130891579046548,10665212.25924
000000000013060,7,G,19490.0,False,1632.0,False,2020,16,01,WESTMINSTER ST,10 NB & SB   EB & WB,22.81016279662576,11.40508139831288,11.40508139831288,6710473.593599999
000000000013080,7,G,629.0,False,1410.32,False,2020,16,01,BROADWAY,6 EB&WB10NB&SB SRD,14.884821148778492,7.442410574389246,7.442410574389246,5798967.597135999
000000000013090,7,G,6790.0,False,767.36,False,2024,14,01,TOBEY STREET,6 EB&WB 10 SB&NB,20.375387425835903,10.187693712917952,10.187693712917952,3155238.368128
000000000013100,7,G,9910.0,False,880.09,False,2024,12,01,HARRIS AVE,AMTRAK  P&W HARRIS,21.24839506698181,10.624197533490905,10.624197533490905,3618762.686882
000000000013420,8,G,67500.0,False,799.0,True,2024,12,01,RI 146,SAYLES HILL RD,12.839348666216752,12.839348666216752,0.0,6347062.8018
000000000013790,7,G,19600.0,False,299.52,True,2022,11,01,RAMP BR-4,I-95 RAMP BC,22.823158749679077,11.411579374839539,11.411579374839539,2379314.456064
000000000013820,8,G,22100.0,False,1644.92,True,2023,11,01,RAMP CB-2,AMTRAK & CITY STREETS,11.550183579224605,11.550183579224605,0.0,13066846.738344
000000000013830,7,G,5900.0,False,964.08,True,2024,11,01,RAMP DB-1,AMTRAK CITY STS WOON RVR,20.05099142017763,10.025495710088816,10.025495710088816,7658418.405455999
000000000013910,5,F,200.0,False,152.5,False,1980,19,03,KENDALL DR,KNOWN BROOK,24.493383909269312,6.123345977317328,18.370037931951984,627050.9944999999
000000000015510,7,G,116900.0,False,848.46,True,2013,11,01,I-95 NB & SB,PLEASANT STREET,26.946906451530143,13.473453225765072,13.473453225765072,6739961.082372
00000000014280,7,G,27900.0,False,372.68,True,2024,12,01,RI 37 EB & WB,I-295 SB,23.638515568075462,11.819257784037731,11.819257784037731,2960479.805976
